2011-01-26 09:07:00,1330.2,1330.2,1329.7,1330.0,215
2011-01-26 09:08:00,1330.0,1330.3,1329.8,1330.3,230
2011-01-26 09:09:00,1330.3,1330.3,1330.1,1330.2,83
2011-01-26 09:10:00,1330.3,1330.4,1330.0,1330.3,224
2011-01-26 09:11:00,1330.3,1330.5,1330.2,1330.2,73
2011-01-26 09:12:00,1330.2,1330.5,1330.2,1330.3,158
2011-01-26 09:13:00,1330.3,1330.5,1330.3,1330.5,97
2011-01-26 09:14:00,1330.5,1330.5,1330.0,1330.2,101
2011-01-26 09:15:00,1330.2,1330.5,1330.2,1330.3,94
2011-01-26 09:16:00,1330.2,1330.4,1330.1,1330.4,87
2011-01-26 09:17:00,1330.5,1330.9,1330.4,1330.7,257
2011-01-26 09:18:00,1330.6,1330.8,1330.4,1330.5,118
2011-01-26 09:19:00,1330.6,1330.7,1330.2,1330.3,89
2011-01-26 09:20:00,1330.3,1330.5,1330.2,1330.2,140
2011-01-26 09:21:00,1330.1,1330.5,1330.1,1330.1,95
2011-01-26 09:22:00,1330.2,1330.3,1329.4,1329.6,337
2011-01-26 09:23:00,1329.5,1330.1,1329.3,1329.4,273
2011-01-26 09:24:00,1329.4,1329.8,1329.3,1329.7,199
2011-01-26 09:25:00,1329.7,1329.9,1329.4,1329.9,79
2011-01-26 09:26:00,1329.9,1330.4,1329.7,1330.3,97
2011-01-26 09:27:00,1330.2,1330.5,1330.1,1330.4,92
2011-01-26 09:28:00,1330.4,1331.0,1330.3,1330.9,251
2011-01-26 09:29:00,1330.9,1331.0,1330.8,1330.8,89
2011-01-26 09:30:00,1330.8,1330.9,1329.9,1330.0,134
2011-01-26 09:31:00,1329.9,1330.8,1329.7,1330.6,319
2011-01-26 09:32:00,1330.5,1330.7,1330.3,1330.6,303
2011-01-26 09:33:00,1330.5,1330.6,1330.3,1330.4,89
2011-01-26 09:34:00,1330.4,1330.6,1330.1,1330.4,80
2011-01-26 09:35:00,1330.4,1330.9,1330.4,1330.6,272
2011-01-26 09:36:00,1330.6,1330.8,1330.4,1330.8,242
2011-01-26 09:37:00,1330.7,1330.9,1330.1,1330.5,156
2011-01-26 09:38:00,1330.6,1330.8,1330.5,1330.5,126
2011-01-26 09:39:00,1330.5,1330.6,1330.3,1330.5,148
2011-01-26 09:40:00,1330.6,1331.2,1330.6,1330.9,282
2011-01-26 09:41:00,1330.9,1331.0,1330.3,1330.8,220
2011-01-26 09:42:00,1330.8,1330.9,1330.6,1330.9,159
2011-01-26 09:43:00,1330.8,1331.2,1330.6,1331.2,166
2011-01-26 09:44:00,1331.2,1331.3,1330.6,1330.7,393
2011-01-26 09:45:00,1330.7,1331.0,1330.7,1331.0,108
2011-01-26 09:46:00,1331.0,1331.0,1330.4,1330.6,210
2011-01-26 09:47:00,1330.6,1330.7,1330.1,1330.6,226
2011-01-26 09:48:00,1330.5,1330.5,1328.6,1330.0,1014
2011-01-26 09:49:00,1330.0,1330.0,1329.2,1329.6,208
2011-01-26 09:50:00,1329.6,1329.8,1329.0,1329.7,442
2011-01-26 09:51:00,1329.6,1329.9,1327.7,1328.3,1200
2011-01-26 09:52:00,1328.2,1328.8,1328.0,1328.8,481
2011-01-26 09:53:00,1328.8,1328.8,1328.0,1328.4,257
2011-01-26 09:54:00,1328.4,1329.2,1328.2,1328.4,329
2011-01-26 09:55:00,1328.4,1329.2,1328.3,1328.7,154
2011-01-26 09:56:00,1328.6,1328.7,1328.2,1328.5,181
2011-01-26 09:57:00,1328.5,1328.8,1328.3,1328.7,151
2011-01-26 09:58:00,1328.6,1329.1,1328.6,1328.8,177
2011-01-26 09:59:00,1328.8,1328.9,1328.5,1328.6,89
2011-01-26 10:00:00,1328.6,1328.8,1327.9,1328.1,284
2011-01-26 10:01:00,1327.9,1328.6,1327.7,1328.2,271
2011-01-26 10:02:00,1328.2,1328.4,1327.2,1327.6,449
2011-01-26 10:03:00,1327.6,1327.8,1326.7,1327.0,705
2011-01-26 10:04:00,1327.1,1327.8,1326.9,1327.3,853
2011-01-26 10:05:00,1327.3,1327.6,1326.8,1326.8,565
2011-01-26 10:06:00,1326.8,1327.3,1326.7,1327.1,449
2011-01-26 10:07:00,1327.0,1327.6,1326.6,1327.2,446
2011-01-26 10:08:00,1327.1,1327.6,1326.7,1327.5,336
2011-01-26 10:09:00,1327.5,1327.6,1327.2,1327.3,260
2011-01-26 10:10:00,1327.4,1327.8,1327.4,1327.6,241
2011-01-26 10:11:00,1327.7,1327.9,1327.5,1327.7,180
2011-01-26 10:12:00,1327.7,1327.9,1327.5,1327.9,142
2011-01-26 10:13:00,1327.9,1329.1,1327.9,1328.8,735
2011-01-26 10:14:00,1328.7,1329.1,1328.7,1329.1,245
2011-01-26 10:15:00,1329.1,1329.4,1329.0,1329.4,414
2011-01-26 10:16:00,1329.4,1329.5,1328.7,1328.8,387
2011-01-26 10:17:00,1328.8,1328.8,1328.1,1328.3,291
2011-01-26 10:18:00,1328.2,1328.4,1327.9,1327.9,230
2011-01-26 10:19:00,1328.0,1328.2,1328.0,1328.1,169
2011-01-26 10:20:00,1328.2,1328.2,1327.8,1328.0,363
2011-01-26 10:21:00,1328.1,1328.1,1327.5,1327.5,152
2011-01-26 10:22:00,1327.6,1328.2,1327.6,1328.1,273
2011-01-26 10:23:00,1328.1,1328.9,1328.0,1328.8,291
2011-01-26 10:24:00,1328.8,1329.7,1328.8,1329.5,350
2011-01-26 10:25:00,1329.4,1330.0,1328.9,1329.9,314
2011-01-26 10:26:00,1329.9,1330.0,1329.4,1329.5,244
2011-01-26 10:27:00,1329.5,1329.6,1329.2,1329.3,170
2011-01-26 10:28:00,1329.2,1329.2,1328.2,1328.4,153
2011-01-26 10:29:00,1328.3,1328.5,1328.2,1328.2,184
2011-01-26 10:30:00,1328.2,1328.5,1328.0,1328.4,278
2011-01-26 10:31:00,1328.3,1328.4,1327.3,1327.5,574
2011-01-26 10:32:00,1327.3,1327.5,1326.8,1327.1,426
2011-01-26 10:33:00,1327.1,1327.3,1325.5,1327.0,1601
2011-01-26 10:34:00,1327.0,1328.1,1326.9,1327.3,744
2011-01-26 10:35:00,1327.4,1327.5,1327.0,1327.0,261
2011-01-26 10:36:00,1327.0,1327.7,1326.8,1326.9,262
2011-01-26 10:37:00,1327.1,1327.4,1326.2,1326.3,208
2011-01-26 10:38:00,1326.3,1327.5,1325.7,1327.2,855
2011-01-26 10:39:00,1327.2,1327.9,1326.7,1327.6,278
2011-01-26 10:40:00,1327.5,1327.7,1326.9,1326.9,195
2011-01-26 10:41:00,1327.0,1327.9,1326.9,1327.8,217
2011-01-26 10:42:00,1327.7,1327.7,1326.8,1327.6,202
2011-01-26 10:43:00,1327.5,1328.0,1327.4,1327.8,211
2011-01-26 10:44:00,1327.9,1327.9,1327.1,1327.7,213
2011-01-26 10:45:00,1327.7,1328.3,1327.7,1328.0,214
2011-01-26 10:46:00,1328.0,1328.2,1327.7,1328.2,230
2011-01-26 10:47:00,1328.2,1328.2,1327.2,1327.5,190
2011-01-26 10:48:00,1327.4,1327.7,1327.3,1327.6,89
2011-01-26 10:49:00,1327.5,1327.5,1327.0,1327.3,81
2011-01-26 10:50:00,1327.2,1327.4,1326.7,1327.1,125
2011-01-26 10:51:00,1327.0,1327.6,1327.0,1327.0,164
2011-01-26 10:52:00,1327.0,1327.5,1327.0,1327.3,82
2011-01-26 10:53:00,1327.2,1327.2,1326.9,1327.1,176
2011-01-26 10:54:00,1327.2,1327.8,1327.1,1327.4,224
2011-01-26 10:55:00,1327.4,1327.6,1327.2,1327.3,52
2011-01-26 10:56:00,1327.2,1327.6,1327.0,1327.0,108
2011-01-26 10:57:00,1327.0,1327.3,1326.8,1327.0,83
2011-01-26 10:58:00,1326.8,1327.0,1326.5,1326.8,204
2011-01-26 10:59:00,1326.7,1327.0,1326.6,1326.9,116
2011-01-26 11:00:00,1327.0,1327.1,1326.8,1326.8,79
2011-01-26 11:01:00,1326.8,1326.9,1326.2,1326.3,190
2011-01-26 11:02:00,1326.3,1326.8,1326.1,1326.3,189
2011-01-26 11:03:00,1326.3,1326.6,1326.1,1326.6,175
2011-01-26 11:04:00,1326.6,1326.6,1326.0,1326.5,295
2011-01-26 11:05:00,1326.6,1326.6,1325.7,1325.7,220
2011-01-26 11:06:00,1325.8,1325.8,1325.0,1325.2,846
2011-01-26 11:07:00,1325.3,1325.3,1324.6,1324.6,714
2011-01-26 11:08:00,1324.6,1325.1,1324.5,1324.8,225
2011-01-26 11:09:00,1324.8,1325.3,1324.7,1325.3,204
2011-01-26 11:10:00,1325.3,1325.4,1324.9,1324.9,168
2011-01-26 11:11:00,1324.8,1325.0,1324.5,1324.9,147
2011-01-26 11:12:00,1325.0,1325.1,1324.3,1324.6,272
2011-01-26 11:13:00,1324.6,1325.2,1324.6,1324.8,213
2011-01-26 11:14:00,1324.8,1325.5,1324.6,1325.5,222
2011-01-26 11:15:00,1325.5,1325.6,1325.1,1325.6,242
2011-01-26 11:16:00,1325.5,1325.8,1325.3,1325.4,284
2011-01-26 11:17:00,1325.5,1325.5,1324.6,1324.9,365
2011-01-26 11:18:00,1324.9,1325.1,1324.6,1325.0,294
2011-01-26 11:19:00,1325.0,1325.0,1324.6,1324.8,168
2011-01-26 11:20:00,1324.8,1325.1,1324.6,1324.7,207
2011-01-26 11:21:00,1324.8,1325.4,1324.8,1325.1,203
2011-01-26 11:22:00,1325.0,1325.2,1324.6,1324.8,191
2011-01-26 11:23:00,1324.7,1325.2,1324.7,1325.2,133
2011-01-26 11:24:00,1325.2,1325.4,1325.1,1325.3,99
2011-01-26 11:25:00,1325.3,1325.4,1325.1,1325.4,79
2011-01-26 11:26:00,1325.5,1325.5,1325.3,1325.4,39
2011-01-26 11:27:00,1325.4,1325.7,1325.3,1325.6,148
2011-01-26 11:28:00,1325.6,1325.8,1325.5,1325.6,140
2011-01-26 11:29:00,1325.6,1326.0,1325.6,1325.8,198
2011-01-26 11:30:00,1325.9,1326.0,1325.5,1325.9,184
2011-01-26 11:31:00,1325.9,1326.0,1325.6,1325.7,135
2011-01-26 11:32:00,1325.6,1325.7,1325.2,1325.2,219
2011-01-26 11:33:00,1325.3,1325.4,1324.9,1325.3,285
2011-01-26 11:34:00,1325.4,1325.6,1325.3,1325.5,123
2011-01-26 11:35:00,1325.6,1325.8,1325.2,1325.7,129
2011-01-26 11:36:00,1325.6,1326.1,1325.5,1326.0,373
2011-01-26 11:37:00,1326.0,1326.0,1325.4,1325.5,211
2011-01-26 11:38:00,1325.6,1326.3,1325.6,1326.2,335
2011-01-26 11:39:00,1326.2,1326.3,1326.0,1326.0,365
2011-01-26 11:40:00,1326.0,1326.1,1325.4,1325.9,361
2011-01-26 11:41:00,1325.8,1326.4,1325.8,1326.3,212
2011-01-26 11:42:00,1326.2,1326.4,1325.8,1325.9,167
2011-01-26 11:43:00,1326.0,1326.1,1325.9,1326.0,67
2011-01-26 11:44:00,1326.0,1326.3,1325.9,1326.2,100
2011-01-26 11:45:00,1326.1,1326.1,1325.8,1325.8,176
2011-01-26 11:46:00,1325.9,1326.0,1325.7,1325.9,74
2011-01-26 11:47:00,1325.9,1326.3,1325.7,1326.0,209
2011-01-26 11:48:00,1326.0,1326.3,1325.7,1326.0,186
2011-01-26 11:49:00,1326.0,1326.0,1325.5,1325.9,191
2011-01-26 11:50:00,1325.9,1326.0,1325.8,1326.0,27
2011-01-26 11:51:00,1326.0,1326.1,1325.5,1325.6,243
2011-01-26 11:52:00,1325.7,1326.2,1325.7,1326.0,153
2011-01-26 11:53:00,1326.0,1326.3,1325.9,1326.2,194
2011-01-26 11:54:00,1326.2,1326.4,1325.7,1326.0,142
2011-01-26 11:55:00,1326.1,1326.1,1325.7,1325.8,81
2011-01-26 11:56:00,1325.8,1326.6,1325.8,1326.4,192
2011-01-26 11:57:00,1326.5,1327.0,1325.8,1326.6,425
2011-01-26 11:58:00,1326.5,1327.0,1326.5,1327.0,297
2011-01-26 11:59:00,1326.9,1327.0,1326.8,1327.0,113
2011-01-26 12:00:00,1326.9,1327.0,1326.8,1326.8,86
2011-01-26 12:01:00,1326.8,1326.9,1326.7,1326.7,79
2011-01-26 12:02:00,1326.8,1327.0,1326.8,1326.9,83
2011-01-26 12:03:00,1326.8,1327.0,1326.7,1326.7,128
2011-01-26 12:04:00,1326.7,1326.8,1326.6,1326.6,71
2011-01-26 12:05:00,1326.6,1326.9,1326.5,1326.7,163
2011-01-26 12:06:00,1326.7,1326.9,1326.6,1326.9,43
2011-01-26 12:07:00,1326.9,1326.9,1326.6,1326.8,86
2011-01-26 12:08:00,1326.8,1327.0,1326.8,1326.9,81
2011-01-26 12:09:00,1326.9,1327.3,1326.9,1327.3,254
2011-01-26 12:10:00,1327.3,1327.4,1327.1,1327.3,101
2011-01-26 12:11:00,1327.3,1327.6,1327.0,1327.3,199
2011-01-26 12:12:00,1327.3,1327.4,1327.0,1327.1,49
2011-01-26 12:13:00,1327.0,1327.1,1326.6,1326.6,110
2011-01-26 12:14:00,1326.6,1326.7,1326.5,1326.6,57
2011-01-26 12:15:00,1326.7,1327.2,1326.6,1327.2,88
2011-01-26 12:16:00,1327.1,1327.6,1327.0,1327.2,193
2011-01-26 12:17:00,1327.2,1327.2,1327.0,1327.2,47
2011-01-26 12:18:00,1327.3,1327.3,1326.8,1327.0,109
2011-01-26 12:19:00,1326.8,1327.0,1326.5,1326.6,60
2011-01-26 12:20:00,1326.6,1326.8,1326.1,1326.7,172
2011-01-26 12:21:00,1326.7,1327.2,1326.6,1326.9,111
2011-01-26 12:22:00,1326.8,1326.9,1326.7,1326.9,88
2011-01-26 12:23:00,1327.0,1327.2,1326.8,1327.0,64
2011-01-26 12:24:00,1326.8,1327.3,1326.8,1327.3,145
2011-01-26 12:25:00,1327.4,1327.6,1327.1,1327.2,89
2011-01-26 12:26:00,1327.3,1327.7,1327.3,1327.7,72
2011-01-26 12:27:00,1327.6,1328.0,1327.6,1327.9,114
2011-01-26 12:28:00,1327.9,1328.4,1327.5,1328.2,398
2011-01-26 12:29:00,1328.0,1328.4,1327.9,1328.1,255
2011-01-26 12:30:00,1328.1,1328.1,1327.8,1328.0,68
2011-01-26 12:31:00,1327.9,1328.1,1327.7,1327.8,110
2011-01-26 12:32:00,1327.7,1327.9,1327.6,1327.6,44
2011-01-26 12:33:00,1327.6,1328.0,1327.4,1327.9,62
2011-01-26 12:34:00,1327.8,1328.9,1327.8,1328.9,340
2011-01-26 12:35:00,1328.7,1328.7,1328.1,1328.1,141
2011-01-26 12:36:00,1328.2,1328.2,1327.8,1327.9,68
2011-01-26 12:37:00,1328.0,1328.3,1327.9,1328.1,61
2011-01-26 12:38:00,1328.2,1328.9,1328.1,1328.8,140
2011-01-26 12:39:00,1328.6,1329.2,1328.3,1328.7,250
2011-01-26 12:40:00,1328.6,1328.6,1328.1,1328.1,152
2011-01-26 12:41:00,1328.1,1328.7,1328.1,1328.6,93
2011-01-26 12:42:00,1328.7,1328.7,1328.3,1328.5,124
2011-01-26 12:43:00,1328.4,1328.7,1328.4,1328.5,100
2011-01-26 12:44:00,1328.4,1329.2,1328.4,1328.9,225
2011-01-26 12:45:00,1328.9,1329.2,1328.4,1328.6,259
2011-01-26 12:46:00,1328.5,1328.9,1328.3,1328.7,150
2011-01-26 12:47:00,1328.7,1328.9,1328.4,1328.9,68
2011-01-26 12:48:00,1328.8,1329.1,1328.8,1329.1,108
2011-01-26 12:49:00,1329.1,1329.5,1328.7,1328.7,196
2011-01-26 12:50:00,1328.8,1329.1,1328.7,1329.1,66
2011-01-26 12:51:00,1329.1,1329.4,1329.0,1329.4,94
2011-01-26 12:52:00,1329.4,1329.4,1329.1,1329.2,180
2011-01-26 12:53:00,1329.2,1329.4,1329.0,1329.4,158
2011-01-26 12:54:00,1329.4,1329.5,1329.2,1329.3,140
2011-01-26 12:55:00,1329.3,1330.2,1329.3,1330.0,552
2011-01-26 12:56:00,1330.0,1330.2,1329.8,1330.0,228
2011-01-26 12:57:00,1330.0,1330.3,1330.0,1330.3,183
2011-01-26 12:58:00,1330.3,1330.3,1329.8,1330.1,212
2011-01-26 12:59:00,1330.1,1330.2,1329.6,1329.7,108
2011-01-26 13:00:00,1329.8,1330.0,1329.6,1329.9,83
2011-01-26 13:01:00,1330.0,1330.3,1329.9,1330.3,159
2011-01-26 13:02:00,1330.2,1331.1,1330.2,1331.1,317
2011-01-26 13:03:00,1331.0,1331.4,1331.0,1331.2,257
2011-01-26 13:04:00,1331.2,1331.5,1331.2,1331.3,189
2011-01-26 13:05:00,1331.3,1331.4,1330.9,1331.1,292
2011-01-26 13:06:00,1331.0,1331.0,1330.5,1331.0,225
2011-01-26 13:07:00,1331.0,1331.4,1330.9,1331.4,207
2011-01-26 13:08:00,1331.4,1331.9,1331.4,1331.6,227
2011-01-26 13:09:00,1331.7,1331.9,1331.6,1331.8,284
2011-01-26 13:10:00,1331.7,1332.2,1331.7,1332.1,406
2011-01-26 13:11:00,1332.1,1332.2,1331.9,1332.1,235
2011-01-26 13:12:00,1331.9,1332.2,1331.5,1332.0,222
2011-01-26 13:13:00,1332.0,1332.0,1331.7,1331.9,142
2011-01-26 13:14:00,1331.9,1331.9,1331.5,1331.7,100
2011-01-26 13:15:00,1331.7,1331.8,1331.5,1331.6,39
2011-01-26 13:16:00,1331.5,1332.0,1331.5,1331.9,118
2011-01-26 13:17:00,1331.9,1332.3,1331.8,1332.2,162
2011-01-26 13:18:00,1332.2,1334.4,1332.1,1334.2,1210
2011-01-26 13:19:00,1334.1,1335.0,1333.9,1334.3,1228
2011-01-26 13:20:00,1334.3,1334.4,1333.7,1334.2,605
2011-01-26 13:21:00,1334.3,1334.6,1333.5,1333.8,669
2011-01-26 13:22:00,1333.7,1333.8,1332.7,1332.8,584
2011-01-26 13:23:00,1332.9,1333.2,1332.8,1333.2,199
2011-01-26 13:24:00,1333.2,1333.3,1332.8,1333.1,270
2011-01-26 13:25:00,1333.2,1333.2,1332.5,1333.1,251
2011-01-26 13:26:00,1333.0,1333.2,1332.8,1333.0,148
2011-01-26 13:27:00,1333.0,1333.0,1332.5,1332.5,181
2011-01-26 13:28:00,1332.7,1332.7,1332.4,1332.5,177
2011-01-26 13:29:00,1332.5,1333.4,1332.5,1333.1,419
2011-01-26 13:30:00,1333.0,1333.2,1332.5,1333.2,1018
2011-01-26 13:31:00,1333.3,1333.3,1332.9,1333.0,239
2011-01-26 13:32:00,1333.0,1333.4,1333.0,1333.4,71
2011-01-26 13:33:00,1333.3,1333.4,1333.1,1333.1,62
2011-01-26 13:34:00,1333.1,1333.1,1332.7,1332.7,76
2011-01-26 13:35:00,1332.8,1332.8,1332.0,1332.3,133
2011-01-26 13:36:00,1332.3,1332.6,1332.2,1332.5,84
2011-01-26 13:37:00,1332.4,1332.4,1332.3,1332.4,19
2011-01-26 13:38:00,1332.3,1332.5,1332.3,1332.5,40
2011-01-26 13:39:00,1332.4,1332.4,1332.0,1332.0,98
2011-01-26 13:40:00,1332.0,1332.3,1332.0,1332.1,61
2011-01-26 13:41:00,1332.1,1332.1,1331.9,1332.0,49
2011-01-26 13:42:00,1331.9,1332.1,1331.9,1331.9,38
2011-01-26 13:43:00,1332.0,1332.0,1331.0,1331.3,375
2011-01-26 13:44:00,1331.4,1331.9,1331.1,1331.8,117
2011-01-26 13:45:00,1331.7,1332.1,1331.7,1332.0,75
2011-01-26 13:46:00,1332.0,1332.0,1331.6,1331.7,46
2011-01-26 13:47:00,1331.7,1331.7,1331.4,1331.4,20
2011-01-26 13:48:00,1331.3,1331.5,1331.3,1331.5,64
2011-01-26 13:49:00,1331.5,1331.7,1331.5,1331.7,51
2011-01-26 13:50:00,1331.7,1332.0,1331.5,1331.9,94
2011-01-26 13:51:00,1331.9,1332.0,1331.7,1332.0,49
2011-01-26 13:52:00,1331.9,1332.0,1331.8,1331.9,25
2011-01-26 13:53:00,1332.0,1332.0,1331.7,1332.0,66
2011-01-26 13:54:00,1331.9,1332.2,1331.9,1332.2,92
2011-01-26 13:55:00,1332.1,1332.1,1331.9,1332.0,49
2011-01-26 13:56:00,1332.0,1332.5,1331.9,1332.5,153
2011-01-26 13:57:00,1332.4,1332.5,1332.1,1332.5,53
2011-01-26 13:58:00,1332.4,1332.5,1332.4,1332.4,78
2011-01-26 13:59:00,1332.5,1332.5,1332.1,1332.3,61
2011-01-26 14:00:00,1332.4,1332.7,1332.3,1332.5,50
2011-01-26 14:01:00,1332.4,1332.7,1332.2,1332.2,74
2011-01-26 14:02:00,1332.3,1332.5,1331.8,1332.0,194
2011-01-26 14:03:00,1332.1,1332.3,1331.9,1332.0,54
2011-01-26 14:04:00,1332.0,1332.4,1332.0,1332.0,79
2011-01-26 14:05:00,1332.0,1332.4,1332.0,1332.2,17
2011-01-26 14:06:00,1332.1,1332.3,1331.9,1332.2,51
2011-01-26 14:07:00,1332.2,1332.3,1332.0,1332.2,33
2011-01-26 14:08:00,1332.1,1332.4,1332.0,1332.2,91
2011-01-26 14:09:00,1332.3,1332.3,1331.9,1332.0,63
2011-01-26 14:10:00,1332.0,1332.0,1331.3,1331.7,79
2011-01-26 14:11:00,1331.8,1332.2,1331.3,1331.8,103
2011-01-26 14:12:00,1331.9,1332.1,1331.9,1332.0,26
2011-01-26 14:13:00,1332.1,1332.1,1332.0,1332.1,7
2011-01-26 14:14:00,1331.9,1332.5,1331.6,1332.2,121
2011-01-26 14:15:00,1332.3,1332.3,1331.7,1332.1,20
2011-01-26 14:16:00,1331.9,1332.7,1331.6,1332.5,63
2011-01-26 14:17:00,1332.2,1332.6,1331.9,1332.5,29
2011-01-26 14:18:00,1332.5,1335.7,1332.5,1334.8,1269
2011-01-26 14:19:00,1334.7,1335.7,1333.7,1335.5,699
2011-01-26 14:20:00,1335.6,1336.5,1335.2,1336.4,1321
2011-01-26 14:21:00,1336.3,1337.0,1335.2,1336.1,1500
2011-01-26 14:22:00,1336.0,1336.2,1334.6,1335.0,479
2011-01-26 14:23:00,1334.9,1335.5,1334.1,1335.2,414
2011-01-26 14:24:00,1335.0,1336.2,1333.1,1335.0,855
2011-01-26 14:25:00,1334.9,1335.9,1334.8,1335.9,390
2011-01-26 14:26:00,1335.9,1336.0,1335.0,1335.1,286
2011-01-26 14:27:00,1335.2,1335.4,1334.3,1334.7,342
2011-01-26 14:28:00,1334.7,1334.8,1333.6,1334.1,404
2011-01-26 14:29:00,1334.1,1334.1,1331.9,1332.3,529
2011-01-26 14:30:00,1332.3,1332.6,1331.5,1332.2,613
2011-01-26 14:31:00,1332.3,1333.2,1331.9,1333.1,339
2011-01-26 14:32:00,1333.0,1333.3,1332.5,1332.8,116
2011-01-26 14:33:00,1332.8,1333.6,1332.6,1332.6,202
2011-01-26 14:34:00,1332.7,1333.2,1332.6,1333.0,112
2011-01-26 14:35:00,1333.0,1333.4,1332.6,1332.8,86
2011-01-26 14:36:00,1333.0,1334.5,1333.0,1333.9,365
2011-01-26 14:37:00,1333.9,1334.5,1333.8,1334.0,227
2011-01-26 14:38:00,1334.2,1335.2,1334.2,1334.5,180
2011-01-26 14:39:00,1334.4,1335.6,1334.4,1335.3,270
2011-01-26 14:40:00,1335.3,1336.4,1335.3,1336.4,436
2011-01-26 14:41:00,1336.4,1336.4,1335.2,1335.3,274
2011-01-26 14:42:00,1335.4,1336.5,1335.3,1336.4,283
2011-01-26 14:43:00,1336.4,1336.9,1336.2,1336.7,364
2011-01-26 14:44:00,1336.7,1337.5,1336.2,1337.2,905
2011-01-26 14:45:00,1337.2,1338.3,1337.0,1338.1,712
2011-01-26 14:46:00,1338.1,1338.4,1337.9,1338.3,441
2011-01-26 14:47:00,1338.3,1339.5,1337.9,1339.1,1083
2011-01-26 14:48:00,1339.1,1339.5,1338.7,1339.4,363
2011-01-26 14:49:00,1339.4,1339.5,1338.4,1338.6,470
2011-01-26 14:50:00,1338.7,1338.7,1338.0,1338.0,417
2011-01-26 14:51:00,1338.1,1338.2,1337.5,1337.8,336
2011-01-26 14:52:00,1337.9,1338.2,1337.9,1338.1,162
2011-01-26 14:53:00,1338.0,1338.2,1337.9,1338.1,81
2011-01-26 14:54:00,1338.2,1338.2,1337.8,1338.2,86
2011-01-26 14:55:00,1338.2,1338.4,1338.1,1338.1,129
2011-01-26 14:56:00,1338.3,1339.1,1338.2,1338.5,421
2011-01-26 14:57:00,1338.6,1339.1,1338.5,1339.1,337
2011-01-26 14:58:00,1339.2,1340.3,1339.1,1340.0,1148
2011-01-26 14:59:00,1340.1,1340.2,1339.4,1339.5,247
2011-01-26 15:00:00,1339.5,1339.7,1339.0,1339.3,191
2011-01-26 15:01:00,1339.4,1339.9,1339.3,1339.7,320
2011-01-26 15:02:00,1339.8,1340.2,1339.6,1339.8,221
2011-01-26 15:03:00,1339.7,1339.8,1339.2,1339.6,188
2011-01-26 15:04:00,1339.5,1340.2,1339.2,1339.9,307
2011-01-26 15:05:00,1339.9,1340.0,1339.5,1339.5,180
2011-01-26 15:06:00,1339.5,1340.4,1339.4,1340.3,397
2011-01-26 15:07:00,1340.3,1340.4,1339.7,1340.0,247
2011-01-26 15:08:00,1340.1,1340.1,1339.5,1339.7,116
2011-01-26 15:09:00,1339.8,1340.3,1339.8,1339.9,158
2011-01-26 15:10:00,1340.0,1340.9,1340.0,1340.9,697
2011-01-26 15:11:00,1340.8,1341.2,1340.8,1341.0,421
2011-01-26 15:12:00,1340.9,1341.5,1340.8,1341.2,332
2011-01-26 15:13:00,1341.3,1341.4,1341.0,1341.1,120
2011-01-26 15:14:00,1341.1,1341.2,1340.8,1341.1,114
2011-01-26 15:15:00,1341.0,1341.5,1341.0,1341.3,181
2011-01-26 15:16:00,1341.4,1341.5,1341.1,1341.1,181
2011-01-26 15:17:00,1341.1,1341.1,1340.7,1340.9,215
2011-01-26 15:18:00,1340.8,1340.8,1340.2,1340.7,153
2011-01-26 15:19:00,1340.6,1340.7,1340.4,1340.5,190
2011-01-26 15:20:00,1340.5,1340.7,1340.3,1340.6,156
2011-01-26 15:21:00,1340.5,1340.7,1340.3,1340.6,146
2011-01-26 15:22:00,1340.7,1340.8,1340.5,1340.6,73
2011-01-26 15:23:00,1340.5,1340.6,1340.3,1340.4,44
2011-01-26 15:24:00,1340.3,1340.5,1340.3,1340.5,64
2011-01-26 15:25:00,1340.5,1341.3,1340.5,1341.2,183
2011-01-26 15:26:00,1341.1,1341.1,1340.9,1341.0,86
2011-01-26 15:27:00,1341.0,1341.6,1341.0,1341.2,166
2011-01-26 15:28:00,1341.2,1341.6,1341.2,1341.4,62
2011-01-26 15:29:00,1341.3,1341.4,1341.0,1341.2,199
2011-01-26 15:30:00,1341.2,1341.8,1341.1,1341.8,128
2011-01-26 15:31:00,1341.8,1342.2,1341.6,1341.9,270
2011-01-26 15:32:00,1342.0,1342.5,1341.9,1342.3,113
2011-01-26 15:33:00,1342.3,1342.6,1342.3,1342.5,195
2011-01-26 15:34:00,1342.5,1342.6,1342.0,1342.0,213
2011-01-26 15:35:00,1342.0,1342.5,1342.0,1342.4,46
2011-01-26 15:36:00,1342.5,1342.5,1341.9,1342.0,209
2011-01-26 15:37:00,1342.0,1342.1,1341.8,1341.9,106
2011-01-26 15:38:00,1341.9,1342.6,1341.9,1342.6,109
2011-01-26 15:39:00,1342.6,1342.8,1341.6,1342.0,356
2011-01-26 15:40:00,1341.8,1342.0,1341.7,1341.8,49
2011-01-26 15:41:00,1341.8,1341.8,1341.6,1341.7,39
2011-01-26 15:42:00,1341.9,1341.9,1341.6,1341.9,37
2011-01-26 15:43:00,1341.9,1342.1,1341.5,1341.9,146
2011-01-26 15:44:00,1342.0,1342.3,1341.9,1341.9,95
2011-01-26 15:45:00,1341.9,1342.0,1341.2,1341.3,192
2011-01-26 15:46:00,1341.2,1341.5,1341.0,1341.1,186
2011-01-26 15:47:00,1341.2,1342.0,1341.2,1341.9,105
2011-01-26 15:48:00,1341.9,1342.4,1341.9,1342.4,128
2011-01-26 15:49:00,1342.5,1342.6,1341.8,1342.1,251
2011-01-26 15:50:00,1342.0,1342.2,1341.8,1342.1,106
2011-01-26 15:51:00,1342.2,1342.6,1342.0,1342.4,120
2011-01-26 15:52:00,1342.5,1343.0,1342.2,1342.8,309
2011-01-26 15:53:00,1343.0,1343.0,1342.2,1342.4,132
2011-01-26 15:54:00,1342.5,1342.6,1342.1,1342.5,111
2011-01-26 15:55:00,1342.5,1342.8,1342.3,1342.8,93
2011-01-26 15:56:00,1342.8,1342.9,1342.3,1342.6,168
2011-01-26 15:57:00,1342.5,1343.3,1342.5,1343.0,350
2011-01-26 15:58:00,1343.0,1343.0,1342.2,1342.6,150
2011-01-26 15:59:00,1342.8,1343.2,1342.5,1342.9,138
2011-01-26 16:00:00,1343.0,1343.2,1342.7,1343.0,270
2011-01-26 16:01:00,1343.0,1343.1,1342.6,1342.9,133
2011-01-26 16:02:00,1342.8,1343.0,1342.3,1342.8,138
2011-01-26 16:03:00,1342.9,1343.0,1342.8,1342.9,38
2011-01-26 16:04:00,1343.0,1343.1,1342.9,1343.0,130
2011-01-26 16:05:00,1343.1,1343.1,1342.6,1343.0,30
2011-01-26 16:06:00,1342.9,1343.3,1342.9,1343.2,62
2011-01-26 16:07:00,1343.2,1343.4,1343.2,1343.3,26
2011-01-26 16:08:00,1343.4,1344.3,1343.3,1343.5,289
2011-01-26 16:09:00,1343.5,1343.8,1343.5,1343.6,17
2011-01-26 16:10:00,1343.5,1343.7,1343.3,1343.6,65
2011-01-26 16:11:00,1343.7,1343.9,1343.3,1343.5,25
2011-01-26 16:12:00,1343.5,1344.0,1343.3,1343.8,91
2011-01-26 16:13:00,1343.9,1344.5,1343.9,1344.1,244
2011-01-26 16:14:00,1344.3,1345.5,1344.1,1345.1,419
2011-01-26 16:15:00,1345.1,1346.0,1345.0,1346.0,321
2011-01-26 16:16:00,1346.0,1346.4,1345.2,1345.3,301
2011-01-26 16:17:00,1345.3,1345.3,1344.8,1344.8,71
2011-01-26 16:18:00,1345.0,1345.3,1344.9,1345.0,47
2011-01-26 16:19:00,1344.8,1345.3,1344.7,1345.3,41
2011-01-26 16:20:00,1345.2,1345.3,1345.2,1345.2,24
2011-01-26 16:21:00,1345.1,1345.4,1345.0,1345.0,8
2011-01-26 16:22:00,1345.2,1345.2,1345.0,1345.0,14
2011-01-26 16:23:00,1344.9,1344.9,1344.2,1344.3,41
2011-01-26 16:24:00,1344.3,1344.4,1344.1,1344.3,16
2011-01-26 16:25:00,1344.4,1344.5,1344.4,1344.5,53
2011-01-26 16:26:00,1344.6,1344.6,1344.2,1344.2,6
2011-01-26 16:27:00,1344.4,1344.4,1344.1,1344.3,19
2011-01-26 16:28:00,1344.1,1344.1,1344.1,1344.1,2
2011-01-26 16:29:00,1344.3,1344.3,1344.0,1344.2,10
2011-01-26 16:30:00,1344.3,1344.9,1344.3,1344.8,38
2011-01-26 16:31:00,1344.8,1345.0,1344.7,1344.7,22
2011-01-26 16:32:00,1344.8,1345.2,1344.7,1345.2,12
2011-01-26 16:33:00,1345.2,1345.2,1345.0,1345.0,18
2011-01-26 16:34:00,1344.9,1345.0,1344.8,1344.8,9
2011-01-26 16:35:00,1344.8,1344.9,1344.8,1344.9,2
2011-01-26 16:36:00,1345.0,1345.1,1344.9,1344.9,13
2011-01-26 16:37:00,1345.1,1345.2,1344.8,1344.8,25
2011-01-26 16:38:00,1344.9,1344.9,1344.9,1344.9,2
2011-01-26 16:39:00,1345.0,1345.3,1344.4,1344.6,47
2011-01-26 16:40:00,1344.6,1344.6,1344.6,1344.6,1
2011-01-26 16:41:00,1344.6,1344.7,1344.5,1344.6,17
2011-01-26 16:42:00,1344.7,1345.0,1344.6,1344.8,22
2011-01-26 16:43:00,1345.1,1345.3,1345.1,1345.1,22
2011-01-26 16:44:00,1345.2,1345.2,1345.2,1345.2,1
2011-01-26 16:45:00,1345.3,1345.5,1345.3,1345.4,37
2011-01-26 16:46:00,1345.6,1346.0,1345.6,1345.7,29
2011-01-26 16:47:00,1345.6,1346.0,1345.5,1346.0,17
2011-01-26 16:48:00,1346.1,1346.2,1346.0,1346.0,33
2011-01-26 16:49:00,1346.0,1346.0,1345.4,1346.0,38
2011-01-26 16:50:00,1346.0,1346.1,1346.0,1346.0,10
2011-01-26 16:51:00,1346.1,1346.2,1346.0,1346.0,9
2011-01-26 16:52:00,1346.2,1346.2,1346.0,1346.0,2
2011-01-26 16:53:00,1346.0,1346.4,1346.0,1346.3,19
2011-01-26 16:54:00,1346.2,1346.2,1346.1,1346.2,10
2011-01-26 16:55:00,1346.2,1346.2,1345.8,1345.8,15
2011-01-26 16:56:00,1345.8,1345.8,1345.4,1345.4,23
2011-01-26 16:57:00,1345.4,1345.4,1345.4,1345.4,3
2011-01-26 16:58:00,1345.4,1345.5,1345.4,1345.4,12
2011-01-26 16:59:00,1345.4,1345.5,1345.4,1345.4,4
2011-01-26 17:00:00,1345.4,1345.5,1345.4,1345.5,24
2011-01-26 17:01:00,1345.4,1345.7,1345.4,1345.6,5
2011-01-26 17:02:00,1345.9,1345.9,1345.9,1345.9,2
2011-01-26 17:03:00,1345.9,1346.2,1345.8,1346.2,9
2011-01-26 17:04:00,1346.1,1346.1,1346.1,1346.1,21
2011-01-26 17:05:00,1345.9,1346.0,1345.7,1346.0,6
2011-01-26 17:06:00,1346.0,1346.0,1345.7,1346.0,48
2011-01-26 17:07:00,1346.1,1346.1,1345.5,1345.5,18
2011-01-26 17:08:00,1345.5,1345.5,1345.4,1345.4,6
2011-01-26 17:09:00,1345.4,1345.5,1345.3,1345.5,6
2011-01-26 17:10:00,1345.5,1345.7,1345.5,1345.6,12
2011-01-26 17:11:00,1345.6,1345.7,1345.6,1345.7,5
2011-01-26 17:12:00,1345.6,1345.6,1345.5,1345.5,2
2011-01-26 17:13:00,1345.5,1345.7,1345.1,1345.1,22
2011-01-26 17:14:00,1345.3,1345.3,1345.2,1345.2,8
2011-01-26 17:15:00,1345.3,1345.4,1344.8,1345.0,28
2011-01-26 18:01:00,1345.9,1346.4,1344.3,1344.4,109
2011-01-26 18:02:00,1344.4,1344.4,1344.2,1344.3,11
2011-01-26 18:03:00,1344.3,1344.3,1343.6,1343.8,58
2011-01-26 18:04:00,1343.8,1344.0,1343.6,1344.0,137
2011-01-26 18:05:00,1344.0,1344.4,1343.7,1343.8,20
2011-01-26 18:06:00,1343.8,1343.9,1343.5,1343.6,58
2011-01-26 18:07:00,1343.6,1343.6,1343.0,1343.2,67
2011-01-26 18:08:00,1343.3,1343.7,1343.1,1343.5,56
2011-01-26 18:09:00,1343.5,1343.6,1343.3,1343.3,52
2011-01-26 18:10:00,1343.3,1343.3,1343.0,1343.2,89
2011-01-26 18:11:00,1343.1,1343.3,1343.0,1343.3,10
2011-01-26 18:12:00,1343.2,1343.5,1343.2,1343.5,16
2011-01-26 18:13:00,1343.4,1343.5,1343.4,1343.5,25
2011-01-26 18:14:00,1343.3,1343.3,1343.2,1343.2,2
2011-01-26 18:15:00,1343.1,1343.2,1343.0,1343.0,21
2011-01-26 18:16:00,1343.0,1343.1,1343.0,1343.0,42
2011-01-26 18:17:00,1343.3,1343.3,1343.3,1343.3,2
2011-01-26 18:18:00,1343.0,1343.1,1343.0,1343.1,5
2011-01-26 18:19:00,1343.1,1343.1,1343.0,1343.0,24
2011-01-26 18:20:00,1343.0,1343.1,1343.0,1343.1,35
2011-01-26 18:21:00,1343.0,1343.3,1343.0,1343.1,40
2011-01-26 18:22:00,1343.1,1343.2,1343.0,1343.1,71
2011-01-26 18:23:00,1343.2,1343.2,1343.0,1343.0,27
2011-01-26 18:24:00,1343.1,1343.1,1343.0,1343.0,47
2011-01-26 18:25:00,1343.1,1343.1,1343.0,1343.0,27
2011-01-26 18:26:00,1343.1,1343.1,1343.0,1343.1,20
2011-01-26 18:27:00,1343.0,1343.1,1343.0,1343.1,29
2011-01-26 18:28:00,1343.1,1343.2,1343.1,1343.2,7
2011-01-26 18:29:00,1343.1,1343.1,1343.0,1343.0,44
2011-01-26 18:30:00,1343.0,1343.1,1343.0,1343.0,50
2011-01-26 18:31:00,1343.0,1343.0,1343.0,1343.0,2
2011-01-26 18:32:00,1343.1,1343.1,1342.6,1342.6,112
2011-01-26 18:33:00,1342.6,1342.8,1342.2,1342.4,112
2011-01-26 18:34:00,1342.3,1342.6,1342.3,1342.4,32
2011-01-26 18:35:00,1342.2,1342.4,1342.1,1342.2,16
2011-01-26 18:36:00,1342.3,1342.3,1342.0,1342.0,43
2011-01-26 18:37:00,1342.0,1342.3,1342.0,1342.3,72
2011-01-26 18:38:00,1342.3,1342.4,1342.2,1342.2,18
2011-01-26 18:39:00,1342.2,1342.2,1342.1,1342.2,48
2011-01-26 18:40:00,1342.1,1342.3,1342.1,1342.3,12
2011-01-26 18:41:00,1342.2,1342.2,1342.2,1342.2,3
2011-01-26 18:42:00,1342.2,1342.2,1342.1,1342.2,15
2011-01-26 18:43:00,1342.2,1342.2,1342.0,1342.0,98
2011-01-26 18:44:00,1342.0,1342.1,1342.0,1342.1,100
2011-01-26 18:45:00,1342.1,1342.8,1342.1,1342.7,18
2011-01-26 18:46:00,1342.8,1343.4,1342.8,1343.0,47
2011-01-26 18:47:00,1343.0,1343.0,1343.0,1343.0,1
2011-01-26 18:48:00,1342.6,1343.0,1342.5,1343.0,10
2011-01-26 18:49:00,1343.0,1343.7,1343.0,1343.6,28
2011-01-26 18:50:00,1343.5,1343.7,1343.3,1343.3,23
2011-01-26 18:51:00,1343.3,1343.5,1343.3,1343.5,6
2011-01-26 18:52:00,1343.7,1343.7,1343.5,1343.5,10
2011-01-26 18:53:00,1343.5,1343.5,1343.0,1343.0,11
2011-01-26 18:54:00,1342.7,1343.0,1342.4,1342.4,24
2011-01-26 18:55:00,1342.4,1342.7,1342.2,1342.3,25
2011-01-26 18:56:00,1342.2,1342.4,1342.2,1342.4,15
2011-01-26 18:57:00,1342.5,1343.0,1342.5,1342.9,22
2011-01-26 18:58:00,1342.8,1342.8,1342.8,1342.8,5
2011-01-26 18:59:00,1343.0,1343.0,1342.7,1342.7,12
2011-01-26 19:00:00,1342.8,1343.0,1342.8,1343.0,18
2011-01-26 19:01:00,1343.0,1344.8,1342.8,1344.2,283
2011-01-26 19:02:00,1344.2,1344.8,1344.0,1344.6,58
2011-01-26 19:03:00,1344.4,1344.5,1344.2,1344.4,69
2011-01-26 19:04:00,1344.4,1345.0,1344.4,1345.0,40
2011-01-26 19:05:00,1344.9,1344.9,1344.5,1344.5,83
2011-01-26 19:06:00,1344.4,1344.5,1344.0,1344.3,25
2011-01-26 19:07:00,1344.3,1344.7,1344.2,1344.2,25
2011-01-26 19:08:00,1344.1,1344.3,1344.1,1344.3,26
2011-01-26 19:09:00,1344.3,1344.6,1344.3,1344.6,16
2011-01-26 19:10:00,1344.6,1344.7,1344.3,1344.5,17
2011-01-26 19:11:00,1344.8,1344.8,1344.8,1344.8,1
2011-01-26 19:12:00,1344.6,1344.7,1344.0,1344.3,94
2011-01-26 19:13:00,1344.0,1344.5,1344.0,1344.5,14
2011-01-26 19:14:00,1344.6,1344.9,1344.5,1344.5,32
2011-01-26 19:15:00,1344.5,1344.5,1344.0,1344.0,19
2011-01-26 19:16:00,1344.1,1344.3,1344.0,1344.3,14
2011-01-26 19:17:00,1344.2,1344.3,1344.2,1344.3,9
2011-01-26 19:18:00,1344.4,1344.5,1344.2,1344.4,40
2011-01-26 19:19:00,1344.4,1344.6,1344.4,1344.6,10
2011-01-26 19:20:00,1344.5,1344.5,1344.4,1344.5,18
2011-01-26 19:21:00,1344.6,1344.6,1344.5,1344.5,16
2011-01-26 19:22:00,1344.5,1344.6,1344.4,1344.4,31
2011-01-26 19:23:00,1344.3,1344.4,1344.2,1344.2,17
2011-01-26 19:24:00,1344.5,1344.5,1344.3,1344.3,3
2011-01-26 19:25:00,1344.2,1344.4,1344.2,1344.4,14
2011-01-26 19:26:00,1344.4,1344.4,1344.4,1344.4,12
2011-01-26 19:27:00,1344.5,1344.5,1344.3,1344.3,9
2011-01-26 19:28:00,1344.3,1344.4,1344.3,1344.4,10
2011-01-26 19:29:00,1344.3,1344.3,1344.2,1344.3,63
2011-01-26 19:30:00,1344.2,1344.3,1343.6,1343.6,67
2011-01-26 19:31:00,1343.9,1344.2,1343.7,1343.9,49
2011-01-26 19:32:00,1343.9,1343.9,1343.7,1343.9,23
2011-01-26 19:33:00,1343.8,1343.8,1343.6,1343.6,3
2011-01-26 19:34:00,1343.6,1343.6,1343.5,1343.6,19
2011-01-26 19:35:00,1343.5,1343.5,1343.4,1343.4,7
2011-01-26 19:36:00,1343.6,1343.6,1343.6,1343.6,10
2011-01-26 19:38:00,1343.6,1343.6,1343.6,1343.6,2
2011-01-26 19:39:00,1343.4,1343.6,1343.4,1343.6,13
2011-01-26 19:40:00,1343.5,1343.7,1343.5,1343.7,5
2011-01-26 19:41:00,1343.8,1343.8,1343.7,1343.7,3
2011-01-26 19:42:00,1343.8,1343.9,1343.8,1343.9,27
2011-01-26 19:43:00,1343.8,1343.9,1343.7,1343.9,4
2011-01-26 19:44:00,1343.9,1343.9,1343.7,1343.9,23
2011-01-26 19:45:00,1343.8,1343.8,1343.8,1343.8,3
2011-01-26 19:46:00,1343.8,1343.8,1343.8,1343.8,7
2011-01-26 19:47:00,1343.8,1343.8,1343.7,1343.7,2
2011-01-26 19:48:00,1343.8,1343.8,1343.8,1343.8,1
2011-01-26 19:49:00,1343.8,1343.8,1343.8,1343.8,1
2011-01-26 19:52:00,1343.7,1343.8,1343.7,1343.8,15
2011-01-26 19:53:00,1343.6,1343.8,1343.6,1343.7,4
2011-01-26 19:54:00,1343.6,1343.8,1343.6,1343.7,7
2011-01-26 19:55:00,1343.8,1344.0,1343.8,1343.9,45
2011-01-26 19:56:00,1344.0,1344.6,1344.0,1344.4,65
2011-01-26 19:57:00,1344.5,1344.6,1344.1,1344.1,18
2011-01-26 19:58:00,1344.2,1344.2,1344.2,1344.2,11
2011-01-26 19:59:00,1344.1,1344.2,1344.1,1344.2,2
2011-01-26 20:00:00,1344.3,1344.3,1344.2,1344.2,3
2011-01-26 20:01:00,1344.2,1344.8,1344.2,1344.4,51
2011-01-26 20:02:00,1344.3,1344.3,1344.1,1344.2,25
2011-01-26 20:03:00,1344.2,1344.4,1344.2,1344.4,14
2011-01-26 20:04:00,1344.3,1344.3,1344.2,1344.2,17
2011-01-26 20:05:00,1344.0,1344.4,1344.0,1344.4,14
2011-01-26 20:06:00,1344.2,1344.2,1344.0,1344.0,111
2011-01-26 20:07:00,1344.0,1344.3,1344.0,1344.3,12
2011-01-26 20:08:00,1344.1,1344.2,1344.0,1344.2,8
2011-01-26 20:09:00,1344.1,1344.2,1344.1,1344.1,19
2011-01-26 20:10:00,1344.1,1344.2,1343.5,1343.5,69
2011-01-26 20:11:00,1343.5,1343.6,1343.5,1343.5,5
2011-01-26 20:12:00,1343.5,1343.5,1343.5,1343.5,1
2011-01-26 20:13:00,1343.6,1343.8,1343.6,1343.8,13
2011-01-26 20:14:00,1343.8,1343.8,1343.6,1343.8,12
2011-01-26 20:15:00,1343.6,1343.6,1343.5,1343.5,8
2011-01-26 20:16:00,1343.5,1343.5,1343.1,1343.3,100
2011-01-26 20:17:00,1343.0,1343.3,1343.0,1343.1,109
2011-01-26 20:18:00,1343.2,1343.3,1343.2,1343.3,13
2011-01-26 20:19:00,1343.2,1343.3,1343.1,1343.1,14
2011-01-26 20:20:00,1343.1,1343.2,1343.0,1343.0,6
2011-01-26 20:21:00,1343.1,1343.2,1343.0,1343.0,19
2011-01-26 20:22:00,1343.0,1343.1,1343.0,1343.1,4
2011-01-26 20:23:00,1343.0,1343.3,1343.0,1343.2,29
2011-01-26 20:24:00,1343.0,1343.1,1343.0,1343.0,13
2011-01-26 20:25:00,1343.0,1343.1,1343.0,1343.1,13
2011-01-26 20:26:00,1343.2,1343.2,1343.1,1343.1,6
2011-01-26 20:27:00,1343.1,1343.1,1343.0,1343.0,21
2011-01-26 20:28:00,1343.1,1343.2,1343.0,1343.1,44
2011-01-26 20:29:00,1343.1,1343.1,1343.1,1343.1,3
2011-01-26 20:30:00,1343.2,1343.2,1343.0,1343.1,14
2011-01-26 20:31:00,1343.0,1343.1,1343.0,1343.1,12
2011-01-26 20:32:00,1343.1,1343.2,1343.0,1343.2,60
2011-01-26 20:33:00,1343.2,1343.3,1343.0,1343.0,28
2011-01-26 20:34:00,1343.0,1343.1,1343.0,1343.1,28
2011-01-26 20:35:00,1343.1,1343.1,1343.0,1343.0,20
2011-01-26 20:36:00,1343.0,1343.1,1342.6,1342.6,147
2011-01-26 20:37:00,1342.7,1342.9,1342.7,1342.7,15
2011-01-26 20:38:00,1342.8,1342.8,1342.7,1342.8,19
2011-01-26 20:39:00,1342.8,1343.0,1342.8,1343.0,58
2011-01-26 20:40:00,1342.8,1342.8,1342.5,1342.6,83
2011-01-26 20:41:00,1342.6,1342.7,1342.4,1342.4,32
2011-01-26 20:42:00,1342.5,1342.6,1342.4,1342.6,3
2011-01-26 20:43:00,1342.6,1342.8,1342.6,1342.7,56
2011-01-26 20:44:00,1342.5,1342.7,1342.3,1342.3,67
2011-01-26 20:45:00,1342.5,1342.7,1342.5,1342.7,34
2011-01-26 20:46:00,1342.7,1343.1,1342.7,1343.1,23
2011-01-26 20:47:00,1342.9,1342.9,1342.7,1342.9,7
2011-01-26 20:48:00,1342.8,1342.9,1342.7,1342.9,11
2011-01-26 20:49:00,1342.7,1342.7,1342.6,1342.6,2
2011-01-26 20:50:00,1342.7,1342.7,1342.7,1342.7,11
2011-01-26 20:51:00,1342.7,1342.7,1342.7,1342.7,19
2011-01-26 20:52:00,1342.7,1342.7,1342.7,1342.7,4
2011-01-26 20:54:00,1342.8,1343.0,1342.8,1343.0,7
2011-01-26 20:55:00,1343.0,1343.0,1342.6,1342.7,45
2011-01-26 20:56:00,1342.7,1342.7,1342.1,1342.2,115
2011-01-26 20:57:00,1342.1,1342.2,1342.1,1342.2,36
2011-01-26 20:58:00,1342.1,1342.2,1342.1,1342.1,31
2011-01-26 20:59:00,1342.3,1342.5,1342.1,1342.5,11
2011-01-26 21:00:00,1342.4,1342.4,1342.3,1342.3,2
2011-01-26 21:01:00,1342.4,1342.4,1342.1,1342.1,23
2011-01-26 21:02:00,1342.1,1342.2,1342.1,1342.2,30
2011-01-26 21:03:00,1342.2,1342.2,1342.2,1342.2,5
2011-01-26 21:04:00,1342.1,1342.1,1342.1,1342.1,34
2011-01-26 21:05:00,1342.1,1342.1,1342.1,1342.1,50
2011-01-26 21:06:00,1342.2,1342.2,1342.0,1342.0,35
2011-01-26 21:07:00,1342.0,1342.3,1342.0,1342.3,28
2011-01-26 21:08:00,1342.4,1342.4,1342.4,1342.4,11
2011-01-26 21:09:00,1342.3,1342.3,1342.1,1342.1,7
2011-01-26 21:11:00,1342.1,1342.2,1342.0,1342.0,28
2011-01-26 21:12:00,1342.2,1342.2,1342.0,1342.0,53
2011-01-26 21:13:00,1342.2,1342.2,1342.1,1342.2,21
2011-01-26 21:14:00,1342.2,1342.6,1342.2,1342.6,74
2011-01-26 21:15:00,1342.7,1342.7,1342.4,1342.6,33
2011-01-26 21:16:00,1342.6,1342.6,1342.6,1342.6,7
2011-01-26 21:17:00,1342.7,1342.8,1342.7,1342.8,17
2011-01-26 21:18:00,1342.7,1343.1,1342.7,1343.1,54
2011-01-26 21:19:00,1343.1,1343.3,1343.1,1343.3,14
2011-01-26 21:20:00,1343.1,1343.5,1343.1,1343.3,44
2011-01-26 21:21:00,1343.2,1343.2,1343.1,1343.1,9
2011-01-26 21:22:00,1343.3,1343.3,1343.2,1343.3,16
2011-01-26 21:23:00,1343.1,1343.2,1343.0,1343.2,25
2011-01-26 21:24:00,1343.0,1343.3,1343.0,1343.3,8
2011-01-26 21:25:00,1343.1,1343.2,1343.1,1343.1,23
2011-01-26 21:26:00,1343.2,1343.2,1343.2,1343.2,1
2011-01-26 21:27:00,1343.1,1343.2,1343.1,1343.2,2
2011-01-26 21:28:00,1343.2,1343.3,1343.2,1343.3,3
2011-01-26 21:29:00,1343.4,1343.5,1343.4,1343.4,18
2011-01-26 21:30:00,1343.3,1343.3,1343.3,1343.3,2
2011-01-26 21:31:00,1343.3,1343.3,1343.3,1343.3,3
2011-01-26 21:32:00,1343.4,1343.4,1343.3,1343.3,4
2011-01-26 21:33:00,1343.3,1343.3,1343.3,1343.3,3
2011-01-26 21:35:00,1343.2,1343.2,1343.2,1343.2,12
2011-01-26 21:36:00,1343.3,1343.3,1343.1,1343.1,10
2011-01-26 21:37:00,1343.2,1343.3,1343.1,1343.2,20
2011-01-26 21:38:00,1343.2,1343.2,1343.1,1343.2,11
2011-01-26 21:39:00,1343.2,1343.4,1343.2,1343.4,28
2011-01-26 21:40:00,1343.1,1343.3,1343.1,1343.2,7
2011-01-26 21:42:00,1343.2,1343.2,1343.2,1343.2,1
2011-01-26 21:43:00,1343.2,1343.3,1343.2,1343.2,7
2011-01-26 21:45:00,1343.2,1343.3,1343.2,1343.2,11
2011-01-26 21:46:00,1343.3,1343.4,1343.2,1343.3,24
2011-01-26 21:47:00,1343.5,1343.6,1343.5,1343.6,22
2011-01-26 21:48:00,1343.6,1343.7,1343.4,1343.7,14
2011-01-26 21:49:00,1343.7,1343.7,1343.7,1343.7,2
2011-01-26 21:50:00,1343.6,1343.9,1343.6,1343.7,20
2011-01-26 21:51:00,1343.7,1344.4,1343.7,1344.2,57
2011-01-26 21:52:00,1344.1,1344.3,1344.0,1344.2,18
2011-01-26 21:53:00,1344.3,1344.4,1344.2,1344.3,44
2011-01-26 21:54:00,1344.2,1344.2,1344.2,1344.2,1
2011-01-26 21:55:00,1344.2,1344.3,1344.2,1344.3,3
2011-01-26 21:56:00,1344.3,1344.4,1344.3,1344.3,20
2011-01-26 21:57:00,1344.3,1344.4,1344.3,1344.4,13
2011-01-26 21:58:00,1344.3,1344.3,1344.2,1344.2,4
2011-01-26 22:00:00,1344.2,1344.2,1344.2,1344.2,20
2011-01-26 22:01:00,1344.3,1344.4,1344.3,1344.4,2
2011-01-26 22:02:00,1344.2,1344.4,1344.1,1344.1,15
2011-01-26 22:03:00,1344.1,1344.3,1344.1,1344.3,4
2011-01-26 22:04:00,1344.2,1344.8,1344.2,1344.6,125
2011-01-26 22:05:00,1344.7,1345.4,1344.7,1345.2,112
2011-01-26 22:06:00,1345.2,1345.7,1345.1,1345.7,87
2011-01-26 22:07:00,1345.8,1346.0,1345.7,1346.0,100
2011-01-26 22:08:00,1345.9,1346.3,1345.9,1346.3,44
2011-01-26 22:09:00,1346.2,1346.4,1346.1,1346.2,59
2011-01-26 22:10:00,1346.2,1346.6,1346.2,1346.4,104
2011-01-26 22:11:00,1346.5,1347.3,1346.4,1347.1,152
2011-01-26 22:12:00,1347.1,1347.4,1346.9,1347.0,95
2011-01-26 22:13:00,1346.9,1347.2,1346.9,1347.1,45
2011-01-26 22:14:00,1347.1,1347.2,1346.9,1347.0,37
2011-01-26 22:15:00,1347.0,1347.2,1346.9,1347.2,115
2011-01-26 22:16:00,1347.0,1347.1,1347.0,1347.1,15
2011-01-26 22:17:00,1347.1,1347.4,1347.1,1347.3,49
2011-01-26 22:18:00,1347.3,1347.5,1347.2,1347.4,110
2011-01-26 22:19:00,1347.4,1347.4,1347.0,1347.0,32
2011-01-26 22:20:00,1347.0,1347.1,1346.9,1346.9,7
2011-01-26 22:21:00,1346.9,1347.2,1346.7,1347.1,29
2011-01-26 22:22:00,1347.2,1347.3,1347.2,1347.3,7
2011-01-26 22:23:00,1347.4,1347.4,1347.1,1347.1,28
2011-01-26 22:24:00,1347.0,1347.0,1347.0,1347.0,13
2011-01-26 22:25:00,1347.0,1347.1,1346.7,1346.8,24
2011-01-26 22:26:00,1346.8,1346.9,1346.8,1346.9,6
2011-01-26 22:27:00,1346.8,1346.8,1346.0,1346.4,92
2011-01-26 22:28:00,1346.3,1346.3,1346.0,1346.0,5
2011-01-26 22:29:00,1346.0,1346.0,1345.7,1345.8,30
2011-01-26 22:30:00,1345.8,1346.1,1345.7,1345.9,87
2011-01-26 22:31:00,1345.9,1346.0,1345.7,1346.0,34
2011-01-26 22:32:00,1345.8,1345.8,1345.6,1345.6,33
2011-01-26 22:33:00,1345.6,1345.6,1345.4,1345.5,31
2011-01-26 22:34:00,1345.5,1345.8,1345.5,1345.8,21
2011-01-26 22:35:00,1345.9,1345.9,1345.9,1345.9,6
2011-01-26 22:36:00,1345.9,1346.0,1345.6,1345.6,12
2011-01-26 22:37:00,1345.6,1345.6,1345.4,1345.5,47
2011-01-26 22:38:00,1345.4,1346.0,1345.4,1346.0,26
2011-01-26 22:39:00,1345.6,1345.9,1345.6,1345.8,10
2011-01-26 22:40:00,1346.1,1346.1,1345.7,1345.7,63
2011-01-26 22:41:00,1345.7,1346.0,1345.7,1346.0,7
2011-01-26 22:42:00,1346.0,1346.0,1345.8,1345.8,7
2011-01-26 22:43:00,1345.9,1345.9,1345.5,1345.5,24
2011-01-26 22:44:00,1345.6,1345.6,1345.5,1345.6,18
2011-01-26 22:45:00,1345.6,1345.7,1345.6,1345.6,29
2011-01-26 22:46:00,1345.6,1345.7,1345.6,1345.7,5
2011-01-26 22:47:00,1345.9,1345.9,1345.8,1345.8,6
2011-01-26 22:48:00,1345.9,1346.0,1345.9,1346.0,26
2011-01-26 22:49:00,1345.8,1345.8,1345.8,1345.8,2
2011-01-26 22:51:00,1346.1,1346.1,1346.1,1346.1,48
2011-01-26 22:52:00,1346.1,1346.1,1346.0,1346.0,14
2011-01-26 22:53:00,1346.0,1346.1,1345.8,1345.8,29
2011-01-26 22:54:00,1345.9,1345.9,1345.9,1345.9,3
2011-01-26 22:55:00,1346.0,1346.0,1345.8,1345.8,20
2011-01-26 22:56:00,1345.8,1345.8,1345.6,1345.6,32
2011-01-26 22:57:00,1345.7,1345.7,1345.7,1345.7,1
2011-01-26 22:58:00,1345.7,1345.7,1345.7,1345.7,13
2011-01-26 22:59:00,1345.7,1345.7,1345.5,1345.5,15
2011-01-26 23:00:00,1345.6,1345.7,1345.6,1345.7,2
2011-01-26 23:01:00,1345.6,1345.6,1345.6,1345.6,12
2011-01-26 23:02:00,1345.6,1345.7,1345.5,1345.5,45
2011-01-26 23:03:00,1345.5,1345.5,1345.4,1345.5,23
2011-01-26 23:04:00,1345.3,1345.4,1345.3,1345.3,11
2011-01-26 23:05:00,1345.3,1345.4,1345.3,1345.4,16
2011-01-26 23:06:00,1345.3,1345.3,1345.2,1345.2,6
2011-01-26 23:07:00,1345.2,1345.2,1345.2,1345.2,11
2011-01-26 23:08:00,1345.3,1345.3,1345.1,1345.1,13
2011-01-26 23:09:00,1345.1,1345.1,1345.0,1345.0,8
2011-01-26 23:10:00,1345.0,1345.0,1345.0,1345.0,10
2011-01-26 23:11:00,1345.0,1345.0,1344.8,1344.9,33
2011-01-26 23:12:00,1344.9,1345.2,1344.9,1345.2,35
2011-01-26 23:13:00,1345.1,1345.2,1345.1,1345.2,2
2011-01-26 23:14:00,1345.1,1345.2,1344.9,1344.9,15
2011-01-26 23:15:00,1345.2,1345.2,1345.1,1345.1,7
2011-01-26 23:16:00,1345.3,1345.3,1345.3,1345.3,2
2011-01-26 23:18:00,1345.3,1345.3,1345.2,1345.3,7
2011-01-26 23:19:00,1345.3,1345.3,1345.2,1345.2,5
2011-01-26 23:21:00,1345.2,1345.2,1345.2,1345.2,2
2011-01-26 23:22:00,1345.2,1345.2,1345.2,1345.2,1
2011-01-26 23:23:00,1345.3,1345.3,1345.2,1345.2,6
2011-01-26 23:24:00,1345.4,1345.5,1345.4,1345.5,10
2011-01-26 23:25:00,1345.4,1345.4,1345.0,1345.0,33
2011-01-26 23:26:00,1345.1,1345.1,1345.1,1345.1,5
2011-01-26 23:27:00,1345.1,1345.1,1345.1,1345.1,1
2011-01-26 23:28:00,1345.1,1345.1,1345.1,1345.1,9
2011-01-26 23:29:00,1345.1,1345.3,1345.1,1345.2,14
2011-01-26 23:30:00,1345.2,1345.2,1344.8,1344.8,21
2011-01-26 23:31:00,1344.8,1345.2,1344.8,1345.1,33
2011-01-26 23:32:00,1345.1,1345.2,1344.6,1344.7,46
2011-01-26 23:33:00,1344.6,1344.8,1344.5,1344.7,22
2011-01-26 23:34:00,1344.6,1344.7,1344.5,1344.7,14
2011-01-26 23:35:00,1344.8,1345.1,1344.7,1345.0,14
2011-01-26 23:36:00,1345.0,1345.1,1345.0,1345.1,12
2011-01-26 23:37:00,1345.1,1345.1,1345.0,1345.0,21
2011-01-26 23:38:00,1345.0,1345.1,1344.9,1345.1,10
2011-01-26 23:39:00,1345.1,1345.1,1344.9,1345.0,13
2011-01-26 23:40:00,1345.0,1345.1,1344.9,1345.0,17
2011-01-26 23:41:00,1345.0,1345.0,1344.9,1345.0,19
2011-01-26 23:42:00,1345.0,1345.0,1344.8,1345.0,11
2011-01-26 23:43:00,1344.9,1345.0,1344.9,1344.9,4
2011-01-26 23:44:00,1344.9,1345.0,1344.6,1344.6,22
2011-01-26 23:45:00,1344.6,1344.8,1344.6,1344.7,21
2011-01-26 23:46:00,1344.8,1344.8,1344.5,1344.5,31
2011-01-26 23:47:00,1344.5,1344.6,1344.3,1344.3,150
2011-01-26 23:48:00,1344.3,1344.3,1344.1,1344.3,26
2011-01-26 23:49:00,1344.2,1344.4,1344.2,1344.3,22
2011-01-26 23:50:00,1344.2,1344.4,1344.2,1344.4,10
2011-01-26 23:51:00,1344.4,1344.5,1344.4,1344.4,7
2011-01-26 23:52:00,1344.4,1344.5,1344.2,1344.2,11
2011-01-26 23:53:00,1344.3,1344.4,1344.2,1344.3,17
2011-01-26 23:54:00,1344.3,1344.4,1344.2,1344.4,10
2011-01-26 23:55:00,1344.4,1344.4,1344.1,1344.1,34
2011-01-26 23:56:00,1344.1,1344.1,1343.9,1344.0,68
2011-01-26 23:57:00,1344.0,1344.2,1344.0,1344.1,24
2011-01-26 23:58:00,1344.2,1344.2,1344.1,1344.1,7
2011-01-26 23:59:00,1344.2,1344.3,1344.1,1344.2,27
2011-01-27 00:00:00,1344.1,1344.2,1344.1,1344.2,25
2011-01-27 00:01:00,1344.1,1344.2,1343.9,1343.9,53
2011-01-27 00:02:00,1344.0,1344.1,1344.0,1344.1,19
2011-01-27 00:03:00,1344.2,1344.4,1344.1,1344.3,65
2011-01-27 00:04:00,1344.5,1344.5,1344.1,1344.2,18
2011-01-27 00:05:00,1344.0,1344.2,1344.0,1344.2,19
2011-01-27 00:06:00,1344.1,1344.3,1344.1,1344.3,33
2011-01-27 00:07:00,1344.3,1344.3,1344.2,1344.3,13
2011-01-27 00:08:00,1344.2,1344.4,1344.2,1344.4,17
2011-01-27 00:09:00,1344.5,1344.7,1344.4,1344.6,47
2011-01-27 00:10:00,1344.7,1345.1,1344.4,1344.4,67
2011-01-27 00:11:00,1344.8,1344.8,1344.5,1344.6,12
2011-01-27 00:12:00,1344.7,1344.7,1344.6,1344.6,5
2011-01-27 00:13:00,1344.5,1344.7,1344.4,1344.4,16
2011-01-27 00:14:00,1344.4,1344.4,1344.3,1344.3,9
2011-01-27 00:15:00,1344.3,1344.3,1344.2,1344.3,6
2011-01-27 00:16:00,1344.2,1344.3,1344.2,1344.2,33
2011-01-27 00:17:00,1344.3,1344.3,1344.2,1344.2,10
2011-01-27 00:18:00,1344.2,1344.3,1344.1,1344.3,37
2011-01-27 00:19:00,1344.3,1344.3,1344.2,1344.3,13
2011-01-27 00:20:00,1344.3,1344.4,1344.2,1344.2,22
2011-01-27 00:21:00,1344.2,1344.2,1344.1,1344.1,43
2011-01-27 00:22:00,1344.3,1344.6,1344.3,1344.5,32
2011-01-27 00:23:00,1344.7,1344.7,1344.6,1344.6,3
2011-01-27 00:24:00,1344.7,1344.9,1344.7,1344.8,14
2011-01-27 00:25:00,1344.7,1344.7,1344.5,1344.5,8
2011-01-27 00:26:00,1344.4,1344.4,1344.4,1344.4,10
2011-01-27 00:27:00,1344.4,1344.4,1344.4,1344.4,4
2011-01-27 00:28:00,1344.4,1344.5,1344.4,1344.4,9
2011-01-27 00:29:00,1344.4,1344.5,1344.4,1344.4,11
2011-01-27 00:30:00,1344.4,1344.4,1344.4,1344.4,6
2011-01-27 00:31:00,1344.4,1344.5,1344.4,1344.5,10
2011-01-27 00:32:00,1344.4,1344.4,1344.3,1344.3,8
2011-01-27 00:33:00,1344.3,1344.3,1344.2,1344.2,11
2011-01-27 00:34:00,1344.2,1344.4,1344.2,1344.4,22
2011-01-27 00:35:00,1344.3,1344.4,1344.3,1344.3,11
2011-01-27 00:36:00,1344.4,1344.4,1344.4,1344.4,2
2011-01-27 00:37:00,1344.4,1344.4,1344.3,1344.4,8
2011-01-27 00:38:00,1344.4,1344.5,1344.3,1344.3,22
2011-01-27 00:39:00,1344.3,1344.3,1344.2,1344.2,5
2011-01-27 00:40:00,1344.2,1344.2,1344.2,1344.2,18
2011-01-27 00:41:00,1344.2,1344.2,1343.9,1343.9,34
2011-01-27 00:42:00,1344.0,1344.1,1344.0,1344.0,12
2011-01-27 00:43:00,1344.0,1344.0,1343.9,1343.9,6
2011-01-27 00:44:00,1343.9,1344.0,1343.9,1344.0,9
2011-01-27 00:45:00,1344.0,1344.1,1344.0,1344.0,11
2011-01-27 00:46:00,1344.1,1344.1,1344.1,1344.1,3
2011-01-27 00:48:00,1344.0,1344.2,1344.0,1344.2,6
2011-01-27 00:49:00,1344.2,1344.3,1344.1,1344.1,8
2011-01-27 00:50:00,1344.1,1344.3,1344.1,1344.2,6
2011-01-27 00:51:00,1344.1,1344.3,1344.1,1344.3,5
2011-01-27 00:52:00,1344.1,1344.1,1344.1,1344.1,3
2011-01-27 00:53:00,1344.2,1344.3,1344.1,1344.1,26
2011-01-27 00:54:00,1344.0,1344.1,1344.0,1344.1,16
2011-01-27 00:55:00,1344.1,1344.3,1344.1,1344.2,22
2011-01-27 00:56:00,1344.3,1344.5,1344.3,1344.3,7
2011-01-27 00:57:00,1344.5,1344.5,1344.5,1344.5,8
2011-01-27 00:58:00,1344.6,1344.6,1344.4,1344.4,22
2011-01-27 00:59:00,1344.5,1344.6,1344.4,1344.5,23
2011-01-27 01:00:00,1344.4,1344.4,1344.3,1344.3,8
2011-01-27 01:02:00,1344.3,1344.4,1344.1,1344.4,22
2011-01-27 01:03:00,1344.4,1344.5,1344.2,1344.2,4
2011-01-27 01:04:00,1344.2,1344.2,1344.2,1344.2,1
2011-01-27 01:05:00,1344.2,1344.4,1343.9,1343.9,22
2011-01-27 01:06:00,1344.0,1344.3,1343.7,1343.9,34
2011-01-27 01:07:00,1344.0,1344.0,1343.9,1344.0,4
2011-01-27 01:08:00,1343.9,1344.1,1343.9,1344.0,14
2011-01-27 01:09:00,1344.0,1344.0,1344.0,1344.0,2
2011-01-27 01:10:00,1344.0,1344.0,1343.8,1343.9,26
2011-01-27 01:11:00,1343.9,1343.9,1343.8,1343.8,4
2011-01-27 01:12:00,1343.9,1344.0,1343.6,1343.6,40
2011-01-27 01:13:00,1343.5,1343.6,1343.5,1343.5,25
2011-01-27 01:14:00,1343.5,1343.5,1343.4,1343.5,31
2011-01-27 01:15:00,1343.5,1343.5,1343.3,1343.4,33
2011-01-27 01:16:00,1343.4,1343.4,1343.3,1343.3,58
2011-01-27 01:17:00,1343.3,1343.5,1343.3,1343.5,13
2011-01-27 01:18:00,1343.3,1343.4,1343.3,1343.4,30
2011-01-27 01:19:00,1343.4,1343.4,1343.3,1343.3,21
2011-01-27 01:20:00,1343.3,1343.4,1343.2,1343.2,20
2011-01-27 01:21:00,1343.2,1343.2,1343.2,1343.2,19
2011-01-27 01:22:00,1343.1,1343.2,1343.0,1343.1,46
2011-01-27 01:23:00,1343.1,1343.2,1343.1,1343.2,23
2011-01-27 01:24:00,1343.2,1343.2,1343.0,1343.0,8
2011-01-27 01:25:00,1343.0,1343.0,1342.9,1342.9,47
2011-01-27 01:26:00,1342.8,1342.9,1342.7,1342.7,15
2011-01-27 01:27:00,1342.8,1342.8,1342.6,1342.6,18
2011-01-27 01:28:00,1342.7,1342.8,1342.6,1342.6,13
2011-01-27 01:29:00,1342.6,1342.7,1342.5,1342.6,25
2011-01-27 01:30:00,1342.7,1342.8,1342.6,1342.7,26
2011-01-27 01:31:00,1342.7,1342.8,1342.7,1342.7,16
2011-01-27 01:32:00,1342.7,1342.7,1342.6,1342.6,4
2011-01-27 01:34:00,1342.6,1342.6,1342.6,1342.6,2
2011-01-27 01:35:00,1342.7,1342.7,1342.7,1342.7,10
2011-01-27 01:36:00,1342.8,1343.0,1342.8,1343.0,31
2011-01-27 01:37:00,1343.0,1343.4,1343.0,1343.3,49
2011-01-27 01:38:00,1343.2,1343.5,1343.2,1343.5,19
2011-01-27 01:39:00,1343.5,1343.5,1343.3,1343.5,6
2011-01-27 01:40:00,1343.4,1343.5,1343.3,1343.3,7
2011-01-27 01:41:00,1343.3,1343.4,1343.3,1343.4,5
2011-01-27 01:42:00,1343.5,1343.7,1343.5,1343.7,15
2011-01-27 01:43:00,1343.7,1343.8,1343.4,1343.6,33
2011-01-27 01:44:00,1343.6,1343.9,1343.5,1343.5,36
2011-01-27 01:45:00,1343.4,1343.4,1343.4,1343.4,3
2011-01-27 01:46:00,1343.3,1343.5,1343.3,1343.5,14
2011-01-27 01:47:00,1343.5,1343.5,1343.5,1343.5,14
2011-01-27 01:48:00,1343.4,1343.5,1343.3,1343.4,10
2011-01-27 01:49:00,1343.4,1343.8,1343.4,1343.6,60
2011-01-27 01:50:00,1343.7,1343.9,1343.6,1343.9,11
2011-01-27 01:51:00,1343.8,1344.2,1343.8,1344.0,30
2011-01-27 01:52:00,1343.9,1344.0,1343.7,1343.9,18
2011-01-27 01:53:00,1344.0,1344.1,1343.9,1344.0,7
2011-01-27 01:54:00,1343.9,1344.2,1343.9,1344.1,32
2011-01-27 01:55:00,1344.2,1344.4,1344.2,1344.3,14
2011-01-27 01:56:00,1344.3,1344.6,1344.2,1344.3,28
2011-01-27 01:57:00,1344.3,1344.5,1344.3,1344.4,7
2011-01-27 01:58:00,1344.2,1344.5,1344.2,1344.4,36
2011-01-27 01:59:00,1344.4,1344.7,1344.4,1344.6,27
2011-01-27 02:00:00,1344.7,1344.7,1344.5,1344.6,11
2011-01-27 02:01:00,1344.5,1345.0,1344.5,1344.7,62
2011-01-27 02:02:00,1344.7,1344.7,1344.4,1344.5,18
2011-01-27 02:03:00,1344.5,1344.6,1344.4,1344.5,21
2011-01-27 02:04:00,1344.3,1344.4,1344.2,1344.4,6
2011-01-27 02:05:00,1344.3,1344.3,1344.1,1344.2,24
2011-01-27 02:06:00,1344.2,1344.2,1344.1,1344.1,4
2011-01-27 02:07:00,1344.2,1344.3,1344.2,1344.3,13
2011-01-27 02:08:00,1344.2,1344.5,1344.2,1344.4,7
2011-01-27 02:09:00,1344.3,1344.5,1344.2,1344.2,7
2011-01-27 02:10:00,1344.3,1344.3,1344.2,1344.2,8
2011-01-27 02:11:00,1344.2,1344.5,1344.1,1344.5,25
2011-01-27 02:12:00,1344.4,1344.5,1344.3,1344.5,14
2011-01-27 02:13:00,1344.3,1344.4,1344.3,1344.4,11
2011-01-27 02:14:00,1344.3,1344.7,1344.3,1344.4,49
2011-01-27 02:15:00,1344.5,1344.7,1344.3,1344.4,49
2011-01-27 02:16:00,1344.5,1344.7,1344.5,1344.5,18
2011-01-27 02:17:00,1344.5,1344.5,1344.2,1344.2,21
2011-01-27 02:18:00,1344.3,1344.3,1344.1,1344.1,12
2011-01-27 02:19:00,1344.1,1344.2,1343.9,1344.1,33
2011-01-27 02:20:00,1344.0,1344.1,1343.9,1344.1,4
2011-01-27 02:21:00,1344.1,1344.1,1343.9,1344.1,12
2011-01-27 02:22:00,1344.2,1344.4,1344.1,1344.4,24
2011-01-27 02:23:00,1344.4,1344.4,1344.0,1344.0,15
2011-01-27 02:24:00,1344.0,1344.1,1343.9,1344.1,16
2011-01-27 02:25:00,1343.9,1344.0,1343.8,1344.0,22
2011-01-27 02:26:00,1343.9,1344.0,1343.8,1343.9,16
2011-01-27 02:27:00,1343.8,1344.0,1343.8,1344.0,7
2011-01-27 02:28:00,1343.9,1343.9,1343.3,1343.3,97
2011-01-27 02:29:00,1343.3,1343.8,1343.3,1343.6,26
2011-01-27 02:30:00,1343.6,1343.6,1343.3,1343.4,22
2011-01-27 02:31:00,1343.4,1343.4,1342.8,1343.3,69
2011-01-27 02:32:00,1343.1,1343.2,1342.8,1343.1,60
2011-01-27 02:33:00,1343.1,1343.1,1342.9,1342.9,25
2011-01-27 02:34:00,1342.9,1343.2,1342.9,1343.2,12
2011-01-27 02:35:00,1343.3,1343.3,1342.9,1342.9,34
2011-01-27 02:36:00,1342.8,1342.9,1342.4,1342.5,26
2011-01-27 02:37:00,1342.5,1343.0,1342.5,1342.9,15
2011-01-27 02:38:00,1342.7,1342.7,1342.5,1342.5,20
2011-01-27 02:39:00,1342.5,1342.7,1342.5,1342.5,25
2011-01-27 02:40:00,1342.6,1343.0,1342.6,1342.8,36
2011-01-27 02:41:00,1342.8,1342.9,1342.5,1342.8,18
2011-01-27 02:42:00,1342.7,1342.7,1342.5,1342.6,10
2011-01-27 02:43:00,1342.7,1343.0,1342.7,1342.9,27
2011-01-27 02:44:00,1342.9,1342.9,1342.7,1342.7,14
2011-01-27 02:45:00,1342.6,1342.8,1342.2,1342.3,107
2011-01-27 02:46:00,1342.5,1342.7,1342.5,1342.7,12
2011-01-27 02:47:00,1342.7,1342.7,1342.6,1342.6,9
2011-01-27 02:48:00,1342.5,1342.8,1342.5,1342.8,15
2011-01-27 02:49:00,1342.7,1342.8,1342.5,1342.5,12
2011-01-27 02:50:00,1342.4,1342.5,1342.3,1342.3,16
2011-01-27 02:51:00,1342.3,1342.3,1342.0,1342.0,140
2011-01-27 02:52:00,1342.0,1342.1,1342.0,1342.0,53
2011-01-27 02:53:00,1342.0,1342.0,1341.1,1341.2,186
2011-01-27 02:54:00,1341.1,1341.3,1341.1,1341.1,104
2011-01-27 02:55:00,1341.1,1341.7,1341.1,1341.6,98
2011-01-27 02:56:00,1341.6,1342.0,1341.3,1341.7,103
2011-01-27 02:57:00,1341.7,1341.7,1341.5,1341.7,59
2011-01-27 02:58:00,1341.7,1341.7,1341.3,1341.5,56
2011-01-27 02:59:00,1341.6,1342.6,1341.6,1342.6,112
2011-01-27 03:00:00,1342.5,1343.0,1342.5,1342.8,91
2011-01-27 03:01:00,1342.8,1342.8,1341.2,1342.0,196
2011-01-27 03:02:00,1342.0,1342.3,1341.1,1341.2,120
2011-01-27 03:03:00,1341.3,1341.4,1339.7,1339.9,504
2011-01-27 03:04:00,1340.0,1340.4,1339.2,1340.4,379
2011-01-27 03:05:00,1340.3,1340.7,1340.3,1340.6,101
2011-01-27 03:06:00,1340.7,1340.8,1340.6,1340.6,77
2011-01-27 03:07:00,1340.6,1341.0,1340.6,1340.8,130
2011-01-27 03:08:00,1340.8,1341.0,1340.4,1340.4,174
2011-01-27 03:09:00,1340.5,1340.7,1340.4,1340.6,112
2011-01-27 03:10:00,1340.5,1340.7,1340.5,1340.7,41
2011-01-27 03:11:00,1340.8,1340.8,1340.6,1340.7,52
2011-01-27 03:12:00,1340.8,1341.2,1340.7,1340.9,181
2011-01-27 03:13:00,1340.8,1340.9,1340.4,1340.5,88
2011-01-27 03:14:00,1340.5,1340.9,1340.4,1340.9,111
2011-01-27 03:15:00,1340.9,1341.2,1340.8,1341.0,103
2011-01-27 03:16:00,1341.0,1341.0,1340.1,1340.5,140
2011-01-27 03:17:00,1340.5,1340.9,1340.3,1340.7,71
2011-01-27 03:18:00,1340.8,1340.9,1340.6,1340.7,78
2011-01-27 03:19:00,1340.8,1341.2,1340.8,1341.1,65
2011-01-27 03:20:00,1341.2,1341.3,1341.0,1341.1,110
2011-01-27 03:21:00,1341.1,1341.1,1340.8,1340.8,46
2011-01-27 03:22:00,1340.9,1341.4,1340.8,1341.4,105
2011-01-27 03:23:00,1341.4,1341.4,1341.2,1341.4,34
2011-01-27 03:24:00,1341.3,1341.4,1341.2,1341.2,22
2011-01-27 03:25:00,1341.3,1341.4,1341.1,1341.2,50
2011-01-27 03:26:00,1341.3,1341.5,1341.3,1341.4,47
2011-01-27 03:27:00,1341.4,1341.5,1341.2,1341.3,48
2011-01-27 03:28:00,1341.3,1341.6,1341.3,1341.6,35
2011-01-27 03:29:00,1341.6,1341.6,1341.4,1341.5,27
2011-01-27 03:30:00,1341.5,1341.5,1341.2,1341.3,64
2011-01-27 03:31:00,1341.3,1341.5,1341.3,1341.4,19
2011-01-27 03:32:00,1341.4,1341.4,1341.2,1341.3,40
2011-01-27 03:33:00,1341.4,1341.4,1341.2,1341.3,7
2011-01-27 03:34:00,1341.2,1341.4,1341.1,1341.4,49
2011-01-27 03:35:00,1341.4,1341.4,1341.2,1341.2,42
2011-01-27 03:36:00,1341.3,1341.3,1340.8,1340.8,28
2011-01-27 03:37:00,1340.9,1341.2,1340.7,1340.7,30
2011-01-27 03:38:00,1340.8,1341.1,1340.6,1340.7,15
2011-01-27 03:39:00,1340.7,1340.9,1340.6,1340.7,18
2011-01-27 03:40:00,1340.6,1340.7,1340.5,1340.5,126
2011-01-27 03:41:00,1340.5,1340.5,1339.9,1340.0,69
2011-01-27 03:42:00,1340.2,1340.5,1340.0,1340.5,47
2011-01-27 03:43:00,1340.4,1340.6,1340.4,1340.4,32
2011-01-27 03:44:00,1340.4,1340.6,1340.3,1340.3,21
2011-01-27 03:45:00,1340.3,1340.6,1340.0,1340.4,57
2011-01-27 03:46:00,1340.3,1340.3,1339.5,1339.5,87
2011-01-27 03:47:00,1339.6,1339.6,1338.5,1338.9,330
2011-01-27 03:48:00,1339.0,1339.0,1338.7,1338.8,62
2011-01-27 03:49:00,1338.7,1339.2,1338.6,1339.2,91
2011-01-27 03:50:00,1339.2,1339.4,1338.7,1339.0,214
2011-01-27 03:51:00,1339.1,1339.3,1338.9,1339.2,77
2011-01-27 03:52:00,1339.1,1339.4,1339.1,1339.1,84
2011-01-27 03:53:00,1339.3,1339.4,1339.2,1339.3,70
2011-01-27 03:54:00,1339.2,1339.4,1339.2,1339.4,48
2011-01-27 03:55:00,1339.4,1339.9,1339.3,1339.8,57
2011-01-27 03:56:00,1339.8,1339.9,1339.4,1339.4,98
2011-01-27 03:57:00,1339.5,1339.5,1338.7,1339.1,320
2011-01-27 03:58:00,1339.1,1339.1,1338.2,1338.6,408
2011-01-27 03:59:00,1338.5,1338.5,1338.1,1338.1,67
2011-01-27 04:00:00,1338.2,1338.5,1338.1,1338.5,43
2011-01-27 04:01:00,1338.2,1339.0,1338.2,1339.0,59
2011-01-27 04:02:00,1339.0,1339.0,1338.9,1339.0,36
2011-01-27 04:03:00,1339.0,1339.1,1339.0,1339.1,33
2011-01-27 04:04:00,1339.1,1339.1,1339.0,1339.1,50
2011-01-27 04:05:00,1339.2,1339.4,1339.2,1339.3,41
2011-01-27 04:06:00,1339.3,1339.4,1339.3,1339.3,47
2011-01-27 04:07:00,1339.3,1339.4,1339.3,1339.4,15
2011-01-27 04:08:00,1339.3,1339.3,1339.3,1339.3,2
2011-01-27 04:09:00,1339.3,1339.5,1339.1,1339.3,32
2011-01-27 04:10:00,1339.2,1339.2,1339.1,1339.2,21
2011-01-27 04:11:00,1339.3,1339.4,1339.3,1339.4,3
2011-01-27 04:12:00,1339.5,1339.7,1339.4,1339.5,68
2011-01-27 04:13:00,1339.5,1339.7,1339.4,1339.5,13
2011-01-27 04:14:00,1339.5,1339.7,1339.5,1339.5,26
2011-01-27 04:15:00,1339.4,1339.7,1339.4,1339.6,16
2011-01-27 04:16:00,1339.5,1339.9,1339.5,1339.7,76
2011-01-27 04:17:00,1339.8,1339.9,1339.4,1339.5,126
2011-01-27 04:18:00,1339.6,1339.8,1339.4,1339.6,49
2011-01-27 04:19:00,1339.7,1339.8,1339.3,1339.4,75
2011-01-27 04:20:00,1339.3,1339.3,1339.2,1339.3,12
2011-01-27 04:21:00,1339.5,1339.6,1339.4,1339.5,18
2011-01-27 04:22:00,1339.7,1339.7,1339.6,1339.6,7
2011-01-27 04:23:00,1339.5,1339.5,1339.3,1339.3,16
2011-01-27 04:24:00,1339.3,1339.3,1339.1,1339.1,38
2011-01-27 04:25:00,1339.1,1339.1,1338.2,1338.4,90
2011-01-27 04:26:00,1338.4,1338.4,1337.7,1337.8,155
2011-01-27 04:27:00,1337.9,1338.1,1337.8,1338.1,49
2011-01-27 04:28:00,1338.3,1338.3,1338.0,1338.0,56
2011-01-27 04:29:00,1338.0,1338.2,1337.7,1338.0,125
2011-01-27 04:30:00,1338.0,1338.1,1337.5,1337.8,104
2011-01-27 04:31:00,1337.8,1338.0,1337.8,1338.0,19
2011-01-27 04:32:00,1338.0,1338.7,1338.0,1338.4,53
2011-01-27 04:33:00,1338.5,1338.7,1338.4,1338.6,34
2011-01-27 04:34:00,1338.5,1338.7,1338.5,1338.7,41
2011-01-27 04:35:00,1338.6,1338.8,1338.5,1338.7,37
2011-01-27 04:36:00,1338.7,1338.8,1338.5,1338.6,27
2011-01-27 04:37:00,1338.6,1339.0,1338.4,1339.0,48
2011-01-27 04:38:00,1338.9,1338.9,1338.8,1338.8,6
2011-01-27 04:39:00,1338.9,1339.1,1338.7,1338.7,65
2011-01-27 04:40:00,1338.9,1339.2,1338.7,1339.2,35
2011-01-27 04:41:00,1339.1,1339.2,1338.9,1339.2,11
2011-01-27 04:42:00,1339.2,1339.2,1339.0,1339.0,8
2011-01-27 04:43:00,1339.0,1339.0,1339.0,1339.0,8
2011-01-27 04:44:00,1339.1,1339.1,1339.0,1339.1,10
2011-01-27 04:45:00,1339.0,1339.0,1338.7,1338.7,26
2011-01-27 04:46:00,1338.7,1338.7,1338.4,1338.6,32
2011-01-27 04:47:00,1338.7,1338.8,1338.7,1338.8,12
2011-01-27 04:48:00,1338.9,1339.0,1338.8,1339.0,27
2011-01-27 04:49:00,1339.0,1339.2,1338.9,1339.0,34
2011-01-27 04:50:00,1339.1,1339.3,1339.1,1339.2,37
2011-01-27 04:51:00,1339.3,1339.4,1339.2,1339.3,31
2011-01-27 04:52:00,1339.3,1339.4,1339.2,1339.2,27
2011-01-27 04:53:00,1339.2,1339.3,1339.1,1339.2,25
2011-01-27 04:54:00,1339.3,1339.4,1339.2,1339.4,65
2011-01-27 04:55:00,1339.3,1339.5,1339.3,1339.4,27
2011-01-27 04:56:00,1339.5,1339.5,1339.3,1339.4,17
2011-01-27 04:57:00,1339.3,1339.3,1339.2,1339.3,16
2011-01-27 04:58:00,1339.3,1339.5,1338.6,1338.7,78
2011-01-27 04:59:00,1339.0,1339.0,1338.4,1339.0,48
2011-01-27 05:00:00,1339.0,1339.1,1338.9,1338.9,20
2011-01-27 05:01:00,1339.0,1339.1,1339.0,1339.1,11
2011-01-27 05:02:00,1339.1,1339.3,1339.1,1339.2,24
2011-01-27 05:03:00,1339.2,1339.2,1339.0,1339.2,27
2011-01-27 05:04:00,1339.4,1339.4,1339.2,1339.3,12
2011-01-27 05:05:00,1339.4,1339.4,1339.1,1339.3,9
2011-01-27 05:06:00,1339.2,1339.2,1339.1,1339.2,26
2011-01-27 05:07:00,1339.1,1339.6,1339.0,1339.2,60
2011-01-27 05:08:00,1339.2,1339.2,1338.5,1338.7,75
2011-01-27 05:09:00,1338.5,1338.7,1338.4,1338.6,30
2011-01-27 05:10:00,1338.6,1338.9,1338.6,1338.8,36
2011-01-27 05:11:00,1339.0,1339.0,1338.0,1338.2,73
2011-01-27 05:12:00,1338.2,1338.2,1337.5,1338.0,77
2011-01-27 05:13:00,1337.9,1337.9,1337.2,1337.3,111
2011-01-27 05:14:00,1337.3,1337.4,1337.0,1337.2,146
2011-01-27 05:15:00,1337.2,1337.4,1336.9,1337.2,29
2011-01-27 05:16:00,1337.1,1337.3,1337.0,1337.1,34
2011-01-27 05:17:00,1336.9,1337.0,1336.7,1336.8,72
2011-01-27 05:18:00,1336.9,1337.0,1336.0,1336.2,392
2011-01-27 05:19:00,1336.3,1336.3,1335.7,1335.8,194
2011-01-27 05:20:00,1335.7,1336.0,1335.6,1336.0,37
2011-01-27 05:21:00,1335.8,1336.0,1335.8,1335.8,19
2011-01-27 05:22:00,1335.9,1336.3,1335.9,1336.1,36
2011-01-27 05:23:00,1336.2,1336.4,1336.2,1336.4,122
2011-01-27 05:24:00,1336.3,1336.4,1336.3,1336.4,20
2011-01-27 05:25:00,1336.3,1336.4,1336.3,1336.4,8
2011-01-27 05:26:00,1336.4,1336.4,1336.3,1336.3,5
2011-01-27 05:27:00,1336.3,1336.4,1336.3,1336.4,4
2011-01-27 05:28:00,1336.4,1336.4,1336.2,1336.4,18
2011-01-27 05:29:00,1336.3,1336.3,1336.2,1336.2,15
2011-01-27 05:30:00,1336.3,1336.4,1336.1,1336.4,22
2011-01-27 05:31:00,1336.3,1337.6,1335.8,1337.4,100
2011-01-27 05:32:00,1337.4,1337.4,1336.9,1337.0,81
2011-01-27 05:33:00,1336.9,1337.5,1336.8,1337.1,96
2011-01-27 05:34:00,1337.2,1337.5,1336.5,1336.8,190
2011-01-27 05:35:00,1336.9,1337.0,1336.5,1336.7,83
2011-01-27 05:36:00,1336.6,1336.7,1336.2,1336.2,104
2011-01-27 05:37:00,1336.1,1336.4,1336.0,1336.4,39
2011-01-27 05:38:00,1336.4,1336.4,1336.2,1336.3,34
2011-01-27 05:39:00,1336.3,1336.6,1336.3,1336.6,19
2011-01-27 05:40:00,1336.6,1336.8,1336.6,1336.7,25
2011-01-27 05:41:00,1336.8,1337.0,1336.8,1337.0,39
2011-01-27 05:42:00,1336.9,1336.9,1336.6,1336.6,27
2011-01-27 05:43:00,1336.8,1336.9,1336.7,1336.8,80
2011-01-27 05:44:00,1336.9,1336.9,1336.7,1336.8,40
2011-01-27 05:45:00,1336.9,1337.0,1336.7,1336.8,49
2011-01-27 05:46:00,1336.8,1336.9,1336.7,1336.8,29
2011-01-27 05:47:00,1336.9,1337.0,1336.7,1336.8,36
2011-01-27 05:48:00,1336.7,1336.9,1336.6,1336.8,23
2011-01-27 05:49:00,1336.8,1337.0,1336.7,1336.9,49
2011-01-27 05:50:00,1336.9,1337.2,1336.8,1337.2,31
2011-01-27 05:51:00,1337.2,1337.3,1337.0,1337.0,24
2011-01-27 05:52:00,1337.0,1337.0,1336.6,1336.7,138
2011-01-27 05:53:00,1336.7,1336.9,1336.6,1336.9,34
2011-01-27 05:54:00,1336.9,1337.1,1336.6,1336.7,70
2011-01-27 05:55:00,1336.6,1336.8,1336.6,1336.7,21
2011-01-27 05:56:00,1336.6,1337.2,1336.6,1337.2,39
2011-01-27 05:57:00,1337.0,1337.2,1337.0,1337.2,37
2011-01-27 05:58:00,1337.1,1337.2,1337.0,1337.0,38
2011-01-27 05:59:00,1337.1,1337.2,1336.8,1337.2,44
2011-01-27 06:00:00,1337.2,1337.3,1337.1,1337.2,25
2011-01-27 06:01:00,1337.2,1337.8,1337.2,1337.8,81
2011-01-27 06:02:00,1337.9,1338.0,1337.8,1337.9,42
2011-01-27 06:03:00,1338.0,1338.0,1337.9,1338.0,36
2011-01-27 06:04:00,1338.0,1339.6,1337.9,1339.0,348
2011-01-27 06:05:00,1339.2,1339.4,1339.0,1339.3,95
2011-01-27 06:06:00,1339.3,1339.8,1339.2,1339.8,395
2011-01-27 06:07:00,1339.8,1340.7,1339.5,1340.2,380
2011-01-27 06:08:00,1340.1,1340.2,1339.9,1340.0,102
2011-01-27 06:09:00,1340.0,1340.2,1340.0,1340.2,62
2011-01-27 06:10:00,1340.2,1340.4,1340.0,1340.2,37
2011-01-27 06:11:00,1340.2,1340.4,1340.0,1340.2,102
2011-01-27 06:12:00,1340.1,1340.3,1339.9,1340.3,63
2011-01-27 06:13:00,1340.3,1340.4,1339.6,1339.7,122
2011-01-27 06:14:00,1339.7,1339.9,1339.3,1339.5,160
2011-01-27 06:15:00,1339.6,1339.7,1338.8,1338.9,94
2011-01-27 06:16:00,1338.9,1339.0,1338.7,1338.8,50
2011-01-27 06:17:00,1338.7,1338.8,1338.4,1338.8,39
2011-01-27 06:18:00,1338.7,1339.0,1338.7,1338.9,25
2011-01-27 06:19:00,1338.9,1339.0,1338.7,1339.0,13
2011-01-27 06:20:00,1339.0,1339.0,1338.7,1338.7,15
2011-01-27 06:21:00,1338.7,1338.8,1338.7,1338.8,9
2011-01-27 06:22:00,1338.7,1338.8,1338.5,1338.8,54
2011-01-27 06:23:00,1338.8,1339.2,1338.8,1339.1,96
2011-01-27 06:24:00,1339.1,1339.1,1339.1,1339.1,6
2011-01-27 06:25:00,1339.0,1339.1,1339.0,1339.0,12
2011-01-27 06:26:00,1339.1,1339.2,1338.6,1338.6,34
2011-01-27 06:27:00,1338.6,1338.9,1338.5,1338.7,35
2011-01-27 06:28:00,1338.7,1338.8,1338.5,1338.5,40
2011-01-27 06:29:00,1338.6,1338.6,1338.6,1338.6,9
2011-01-27 06:30:00,1338.6,1338.7,1338.6,1338.7,3
2011-01-27 06:31:00,1338.7,1338.8,1338.6,1338.7,23
2011-01-27 06:32:00,1338.8,1338.8,1338.7,1338.8,10
2011-01-27 06:33:00,1338.7,1338.7,1338.5,1338.5,13
2011-01-27 06:34:00,1338.5,1338.8,1338.3,1338.7,61
2011-01-27 06:35:00,1338.5,1338.8,1338.4,1338.7,14
2011-01-27 06:36:00,1338.5,1338.6,1338.5,1338.5,8
2011-01-27 06:37:00,1338.7,1338.9,1338.6,1338.6,30
2011-01-27 06:38:00,1338.7,1338.7,1338.7,1338.7,6
2011-01-27 06:39:00,1338.6,1338.6,1337.7,1337.7,83
2011-01-27 06:40:00,1337.7,1337.8,1337.7,1337.8,12
2011-01-27 06:41:00,1337.8,1337.8,1337.5,1337.5,36
2011-01-27 06:42:00,1337.4,1337.5,1337.3,1337.5,18
2011-01-27 06:43:00,1337.4,1337.4,1337.2,1337.2,6
2011-01-27 06:44:00,1337.3,1337.3,1337.3,1337.3,6
2011-01-27 06:45:00,1337.3,1337.3,1336.9,1337.0,59
2011-01-27 06:46:00,1337.0,1337.1,1336.9,1337.0,28
2011-01-27 06:47:00,1337.0,1337.3,1336.9,1337.2,27
2011-01-27 06:48:00,1337.0,1337.2,1336.9,1337.0,34
2011-01-27 06:49:00,1336.9,1336.9,1336.7,1336.8,31
2011-01-27 06:50:00,1336.9,1336.9,1336.4,1336.4,65
2011-01-27 06:51:00,1336.4,1336.5,1335.6,1335.6,155
2011-01-27 06:52:00,1335.6,1335.7,1335.5,1335.5,57
2011-01-27 06:53:00,1335.5,1335.8,1334.8,1335.7,425
2011-01-27 06:54:00,1335.6,1335.8,1335.5,1335.6,41
2011-01-27 06:55:00,1335.6,1335.8,1335.6,1335.6,51
2011-01-27 06:56:00,1335.7,1335.9,1335.6,1335.9,23
2011-01-27 06:57:00,1335.8,1336.3,1335.8,1336.1,51
2011-01-27 06:58:00,1336.1,1336.6,1336.0,1336.3,45
2011-01-27 06:59:00,1336.2,1336.2,1336.0,1336.1,22
2011-01-27 07:00:00,1335.9,1336.4,1335.7,1336.2,49
2011-01-27 07:01:00,1336.2,1336.3,1336.0,1336.1,11
2011-01-27 07:02:00,1336.0,1336.3,1335.7,1335.7,57
2011-01-27 07:03:00,1335.9,1336.0,1335.9,1336.0,5
2011-01-27 07:04:00,1335.7,1336.0,1335.7,1335.9,16
2011-01-27 07:05:00,1336.0,1336.0,1335.6,1335.7,62
2011-01-27 07:06:00,1335.7,1335.8,1335.6,1335.8,33
2011-01-27 07:07:00,1335.9,1336.0,1335.7,1335.8,18
2011-01-27 07:08:00,1335.9,1336.1,1335.2,1335.4,84
2011-01-27 07:09:00,1335.4,1335.5,1334.8,1335.2,146
2011-01-27 07:10:00,1335.2,1335.3,1334.5,1335.1,178
2011-01-27 07:11:00,1335.1,1335.6,1335.1,1335.5,29
2011-01-27 07:12:00,1335.6,1335.6,1335.4,1335.5,73
2011-01-27 07:13:00,1335.4,1335.4,1334.9,1334.9,64
2011-01-27 07:14:00,1335.0,1335.0,1334.2,1334.3,204
2011-01-27 07:15:00,1334.5,1334.6,1334.3,1334.4,43
2011-01-27 07:16:00,1334.4,1334.6,1334.4,1334.4,27
2011-01-27 07:17:00,1334.3,1334.4,1334.2,1334.3,62
2011-01-27 07:18:00,1334.3,1334.5,1334.2,1334.5,24
2011-01-27 07:19:00,1334.4,1334.6,1334.4,1334.6,21
2011-01-27 07:20:00,1334.6,1334.6,1334.0,1334.0,150
2011-01-27 07:21:00,1334.1,1334.2,1333.8,1333.9,214
2011-01-27 07:22:00,1334.0,1334.4,1333.6,1333.8,202
2011-01-27 07:23:00,1333.9,1334.3,1333.8,1334.0,86
2011-01-27 07:24:00,1333.9,1334.2,1333.5,1333.6,126
2011-01-27 07:25:00,1333.6,1334.5,1333.5,1333.6,141
2011-01-27 07:26:00,1333.7,1333.8,1332.3,1332.7,387
2011-01-27 07:27:00,1332.8,1333.4,1332.8,1333.4,50
2011-01-27 07:28:00,1333.5,1334.0,1333.5,1333.5,65
2011-01-27 07:29:00,1333.4,1334.0,1333.3,1334.0,68
2011-01-27 07:30:00,1334.1,1334.3,1334.0,1334.1,162
2011-01-27 07:31:00,1334.1,1334.7,1333.8,1334.2,308
2011-01-27 07:32:00,1334.3,1334.4,1333.7,1333.7,90
2011-01-27 07:33:00,1333.7,1334.1,1333.7,1333.9,104
2011-01-27 07:34:00,1333.9,1333.9,1333.4,1333.5,73
2011-01-27 07:35:00,1333.5,1333.9,1333.5,1333.8,60
2011-01-27 07:36:00,1333.8,1333.9,1333.6,1333.6,32
2011-01-27 07:37:00,1333.7,1333.8,1333.5,1333.6,34
2011-01-27 07:38:00,1333.8,1334.3,1333.7,1334.3,104
2011-01-27 07:39:00,1334.3,1334.3,1333.8,1333.9,146
2011-01-27 07:40:00,1333.9,1333.9,1333.5,1333.7,70
2011-01-27 07:41:00,1333.6,1333.8,1333.5,1333.5,44
2011-01-27 07:42:00,1333.6,1333.6,1332.9,1333.5,175
2011-01-27 07:43:00,1333.4,1333.4,1332.9,1333.0,138
2011-01-27 07:44:00,1333.0,1333.3,1332.8,1332.8,164
2011-01-27 07:45:00,1332.9,1333.3,1332.9,1333.1,24
2011-01-27 07:46:00,1333.1,1333.5,1333.0,1333.5,43
2011-01-27 07:47:00,1333.4,1333.6,1333.2,1333.5,57
2011-01-27 07:48:00,1333.5,1333.6,1332.3,1332.4,214
2011-01-27 07:49:00,1332.3,1332.5,1332.0,1332.2,290
2011-01-27 07:50:00,1332.1,1332.2,1331.6,1331.7,242
2011-01-27 07:51:00,1331.8,1331.8,1331.0,1331.4,350
2011-01-27 07:52:00,1331.4,1332.1,1331.3,1332.1,229
2011-01-27 07:53:00,1332.1,1332.2,1331.9,1332.1,200
2011-01-27 07:54:00,1332.2,1332.3,1332.1,1332.2,31
2011-01-27 07:55:00,1332.3,1332.3,1332.2,1332.2,54
2011-01-27 07:56:00,1332.2,1332.7,1332.2,1332.7,115
2011-01-27 07:57:00,1332.5,1332.7,1332.5,1332.6,57
2011-01-27 07:58:00,1332.5,1332.5,1332.2,1332.3,77
2011-01-27 07:59:00,1332.3,1332.6,1332.1,1332.6,55
2011-01-27 08:00:00,1332.6,1332.6,1332.1,1332.3,41
2011-01-27 08:01:00,1332.3,1332.6,1332.2,1332.4,85
2011-01-27 08:02:00,1332.3,1332.3,1331.9,1332.0,43
2011-01-27 08:03:00,1332.1,1332.3,1332.0,1332.3,41
2011-01-27 08:04:00,1332.4,1332.7,1332.3,1332.6,69
2011-01-27 08:05:00,1332.7,1333.4,1332.6,1333.3,100
2011-01-27 08:06:00,1333.3,1333.4,1333.1,1333.1,54
2011-01-27 08:07:00,1333.1,1333.2,1333.0,1333.2,475
2011-01-27 08:08:00,1333.2,1333.3,1333.2,1333.2,62
2011-01-27 08:09:00,1333.3,1333.6,1333.2,1333.6,88
2011-01-27 08:10:00,1333.6,1333.6,1333.4,1333.6,64
2011-01-27 08:11:00,1333.5,1334.2,1333.5,1334.0,429
2011-01-27 08:12:00,1333.9,1334.2,1333.7,1334.2,163
2011-01-27 08:13:00,1334.1,1334.2,1333.7,1334.0,121
2011-01-27 08:14:00,1334.0,1334.2,1333.8,1334.2,86
2011-01-27 08:15:00,1334.1,1334.2,1334.0,1334.1,68
2011-01-27 08:16:00,1334.1,1334.1,1333.8,1334.0,70
2011-01-27 08:17:00,1334.0,1334.0,1333.7,1333.8,69
2011-01-27 08:18:00,1333.7,1334.1,1333.7,1333.8,80
2011-01-27 08:19:00,1333.9,1334.0,1333.7,1333.7,34
2011-01-27 08:20:00,1333.7,1333.8,1333.4,1333.4,63
2011-01-27 08:21:00,1333.3,1333.5,1332.7,1332.7,220
2011-01-27 08:22:00,1332.7,1333.0,1331.2,1331.5,273
2011-01-27 08:23:00,1331.4,1333.0,1331.4,1333.0,315
2011-01-27 08:24:00,1333.0,1333.1,1331.7,1332.0,189
2011-01-27 08:25:00,1332.0,1332.6,1331.8,1332.4,129
2011-01-27 08:26:00,1332.2,1332.9,1332.1,1332.7,139
2011-01-27 08:27:00,1332.7,1332.9,1332.3,1332.9,56
2011-01-27 08:28:00,1332.7,1332.8,1332.1,1332.2,69
2011-01-27 08:29:00,1332.2,1332.3,1332.0,1332.2,68
2011-01-27 08:30:00,1332.1,1332.2,1331.6,1331.7,131
2011-01-27 08:31:00,1331.7,1334.0,1331.7,1333.7,351
2011-01-27 08:32:00,1333.6,1334.7,1333.6,1334.6,397
2011-01-27 08:33:00,1334.7,1334.7,1334.0,1334.6,391
2011-01-27 08:34:00,1334.6,1335.0,1334.0,1334.0,577
2011-01-27 08:35:00,1334.2,1334.6,1334.1,1334.4,156
2011-01-27 08:36:00,1334.4,1335.1,1334.3,1334.9,199
2011-01-27 08:37:00,1335.0,1335.1,1334.7,1335.0,180
2011-01-27 08:38:00,1335.0,1335.1,1334.6,1334.8,180
2011-01-27 08:39:00,1334.8,1335.1,1334.8,1335.1,137
2011-01-27 08:40:00,1335.0,1335.2,1335.0,1335.1,207
2011-01-27 08:41:00,1335.1,1335.2,1334.7,1334.8,188
2011-01-27 08:42:00,1334.7,1334.9,1334.0,1334.4,244
2011-01-27 08:43:00,1334.2,1334.6,1334.2,1334.3,166
2011-01-27 08:44:00,1334.3,1334.5,1333.1,1333.6,218
2011-01-27 08:45:00,1333.6,1334.0,1333.2,1333.6,253
2011-01-27 08:46:00,1333.6,1333.6,1332.7,1332.8,234
2011-01-27 08:47:00,1332.8,1332.9,1330.3,1330.9,901
2011-01-27 08:48:00,1330.9,1331.6,1330.4,1331.4,727
2011-01-27 08:49:00,1331.4,1331.5,1330.9,1331.2,228
2011-01-27 08:50:00,1331.2,1331.9,1331.1,1331.9,344
2011-01-27 08:51:00,1331.9,1333.0,1331.8,1332.9,249
2011-01-27 08:52:00,1332.9,1332.9,1332.4,1332.5,252
2011-01-27 08:53:00,1332.5,1332.7,1332.0,1332.6,461
2011-01-27 08:54:00,1332.6,1333.4,1332.4,1333.3,195
2011-01-27 08:55:00,1333.3,1333.7,1333.2,1333.7,277
2011-01-27 08:56:00,1333.6,1333.7,1333.0,1333.1,120
2011-01-27 08:57:00,1333.1,1333.7,1333.0,1333.6,119
2011-01-27 08:58:00,1333.6,1333.7,1333.4,1333.7,101
2011-01-27 08:59:00,1333.6,1333.7,1333.0,1333.5,116
2011-01-27 09:00:00,1333.5,1333.7,1333.3,1333.5,54
2011-01-27 09:01:00,1333.6,1333.7,1333.1,1333.5,366
2011-01-27 09:02:00,1333.5,1334.6,1333.5,1334.5,418
2011-01-27 09:03:00,1334.4,1334.7,1334.2,1334.5,264
2011-01-27 09:04:00,1334.3,1334.8,1334.0,1334.7,402
2011-01-27 09:05:00,1334.6,1334.7,1334.1,1334.7,279
2011-01-27 09:06:00,1334.5,1334.7,1334.4,1334.7,76
2011-01-27 09:07:00,1334.7,1334.9,1334.7,1334.9,67
2011-01-27 09:08:00,1335.0,1335.0,1334.7,1335.0,367
2011-01-27 09:09:00,1335.0,1335.2,1334.9,1335.1,157
2011-01-27 09:10:00,1335.1,1335.1,1334.6,1334.8,261
2011-01-27 09:11:00,1334.8,1335.1,1334.6,1335.0,197
2011-01-27 09:12:00,1335.1,1335.2,1334.7,1334.8,103
2011-01-27 09:13:00,1334.9,1335.3,1334.8,1335.1,179
2011-01-27 09:14:00,1335.1,1335.3,1334.9,1335.2,142
2011-01-27 09:15:00,1335.3,1335.5,1335.2,1335.5,208
2011-01-27 09:16:00,1335.5,1335.6,1335.0,1335.4,227
2011-01-27 09:17:00,1335.3,1335.7,1335.1,1335.5,157
2011-01-27 09:18:00,1335.5,1335.6,1335.4,1335.5,78
2011-01-27 09:19:00,1335.4,1335.7,1335.4,1335.6,74
2011-01-27 09:20:00,1335.5,1335.7,1335.3,1335.5,146
2011-01-27 09:21:00,1335.4,1335.7,1335.2,1335.2,100
2011-01-27 09:22:00,1335.3,1335.4,1335.1,1335.2,134
2011-01-27 09:23:00,1335.2,1335.3,1334.7,1334.7,112
2011-01-27 09:24:00,1334.8,1334.9,1334.6,1334.8,136
2011-01-27 09:25:00,1334.8,1334.9,1334.6,1334.7,75
2011-01-27 09:26:00,1334.7,1334.7,1334.0,1334.2,151
2011-01-27 09:27:00,1334.2,1334.5,1334.1,1334.3,44
2011-01-27 09:28:00,1334.5,1334.5,1334.2,1334.2,86
2011-01-27 09:29:00,1334.1,1334.4,1334.1,1334.4,24
2011-01-27 09:30:00,1334.4,1334.4,1334.2,1334.3,37
2011-01-27 09:31:00,1334.3,1335.0,1334.2,1334.8,177
2011-01-27 09:32:00,1334.8,1335.0,1334.7,1334.9,123
2011-01-27 09:33:00,1334.8,1335.0,1334.6,1334.7,82
2011-01-27 09:34:00,1334.7,1334.8,1333.9,1333.9,126
2011-01-27 09:35:00,1334.0,1334.2,1333.8,1334.0,133
2011-01-27 09:36:00,1334.0,1335.0,1334.0,1334.8,138
2011-01-27 09:37:00,1334.7,1334.7,1333.9,1334.4,125
2011-01-27 09:38:00,1334.2,1335.3,1334.2,1335.0,334
2011-01-27 09:39:00,1334.9,1335.7,1334.9,1335.7,263
2011-01-27 09:40:00,1335.6,1335.7,1334.9,1335.3,199
2011-01-27 09:41:00,1335.2,1335.2,1332.8,1332.9,853
2011-01-27 09:42:00,1332.9,1334.1,1332.9,1334.1,290
2011-01-27 09:43:00,1334.0,1334.6,1334.0,1334.3,177
2011-01-27 09:44:00,1334.3,1334.3,1333.8,1334.2,203
2011-01-27 09:45:00,1334.1,1334.2,1333.7,1334.0,214
2011-01-27 09:46:00,1334.0,1334.0,1332.8,1332.8,368
2011-01-27 09:47:00,1333.0,1333.2,1332.3,1332.6,531
2011-01-27 09:48:00,1332.7,1333.0,1332.5,1332.8,126
2011-01-27 09:49:00,1332.8,1333.2,1332.5,1332.9,194
2011-01-27 09:50:00,1332.9,1333.1,1332.7,1332.9,110
2011-01-27 09:51:00,1332.9,1333.1,1332.5,1332.8,111
2011-01-27 09:52:00,1332.6,1333.4,1332.6,1333.4,61
2011-01-27 09:53:00,1333.3,1333.6,1333.3,1333.5,51
2011-01-27 09:54:00,1333.5,1333.9,1333.4,1333.8,64
2011-01-27 09:55:00,1333.7,1334.2,1333.6,1334.2,62
2011-01-27 09:56:00,1334.2,1334.8,1334.1,1334.1,103
2011-01-27 09:57:00,1334.1,1334.2,1333.6,1334.1,62
2011-01-27 09:58:00,1334.1,1334.6,1334.0,1334.5,69
2011-01-27 09:59:00,1334.5,1334.9,1334.5,1334.8,197
2011-01-27 10:00:00,1334.9,1335.0,1334.6,1334.9,332
2011-01-27 10:01:00,1334.8,1335.2,1334.5,1334.7,479
2011-01-27 10:02:00,1334.7,1335.0,1334.4,1334.4,246
2011-01-27 10:03:00,1334.5,1334.5,1334.0,1334.3,177
2011-01-27 10:04:00,1334.3,1334.5,1333.6,1333.9,282
2011-01-27 10:05:00,1333.9,1334.6,1333.6,1334.4,317
2011-01-27 10:06:00,1334.4,1334.6,1334.1,1334.3,247
2011-01-27 10:07:00,1334.4,1335.0,1334.3,1335.0,157
2011-01-27 10:08:00,1335.0,1335.5,1334.9,1335.4,314
2011-01-27 10:09:00,1335.5,1335.5,1334.7,1335.3,265
2011-01-27 10:10:00,1335.3,1335.8,1335.2,1335.3,321
2011-01-27 10:11:00,1335.3,1335.4,1335.0,1335.3,124
2011-01-27 10:12:00,1335.3,1335.3,1334.8,1334.9,56
2011-01-27 10:13:00,1334.9,1335.0,1334.4,1334.7,59
2011-01-27 10:14:00,1334.8,1335.5,1334.8,1335.4,153
2011-01-27 10:15:00,1335.3,1335.4,1335.1,1335.2,93
2011-01-27 10:16:00,1335.1,1336.1,1335.1,1335.9,182
2011-01-27 10:17:00,1336.1,1336.4,1334.7,1334.9,451
2011-01-27 10:18:00,1334.7,1334.9,1334.3,1334.5,172
2011-01-27 10:19:00,1334.4,1334.8,1334.4,1334.5,216
2011-01-27 10:20:00,1334.7,1334.9,1334.7,1334.9,48
2011-01-27 10:21:00,1334.9,1335.2,1334.8,1334.8,69
2011-01-27 10:22:00,1334.9,1335.1,1334.8,1335.0,25
2011-01-27 10:23:00,1335.0,1335.1,1334.2,1334.5,165
2011-01-27 10:24:00,1334.6,1334.6,1333.0,1333.4,354
2011-01-27 10:25:00,1333.4,1333.4,1332.8,1333.3,191
2011-01-27 10:26:00,1333.4,1333.9,1333.1,1333.5,123
2011-01-27 10:27:00,1333.6,1333.6,1332.9,1333.3,78
2011-01-27 10:28:00,1333.3,1334.0,1333.3,1334.0,70
2011-01-27 10:29:00,1334.0,1334.0,1333.6,1333.8,77
2011-01-27 10:30:00,1333.8,1333.8,1333.6,1333.6,18
2011-01-27 10:31:00,1333.6,1333.8,1333.6,1333.7,39
2011-01-27 10:32:00,1333.8,1334.3,1333.7,1334.2,138
2011-01-27 10:33:00,1334.3,1334.6,1334.0,1334.3,108
2011-01-27 10:34:00,1334.3,1334.7,1334.2,1334.7,32
2011-01-27 10:35:00,1334.8,1334.8,1334.2,1334.3,108
2011-01-27 10:36:00,1334.3,1334.4,1333.4,1333.4,160
2011-01-27 10:37:00,1333.4,1333.4,1332.9,1333.3,234
2011-01-27 10:38:00,1333.3,1334.0,1333.3,1333.7,149
2011-01-27 10:39:00,1333.7,1333.7,1332.8,1332.9,131
2011-01-27 10:40:00,1332.9,1333.0,1332.5,1332.8,170
2011-01-27 10:41:00,1332.7,1333.4,1332.6,1333.3,196
2011-01-27 10:42:00,1333.3,1333.4,1332.5,1333.2,264
2011-01-27 10:43:00,1333.1,1333.1,1332.3,1332.5,244
2011-01-27 10:44:00,1332.5,1332.8,1332.5,1332.7,53
2011-01-27 10:45:00,1332.7,1333.2,1332.7,1333.0,107
2011-01-27 10:46:00,1333.0,1333.7,1333.0,1333.4,130
2011-01-27 10:47:00,1333.3,1333.4,1332.1,1332.1,180
2011-01-27 10:48:00,1332.1,1333.0,1332.0,1333.0,288
2011-01-27 10:49:00,1332.9,1332.9,1332.3,1332.4,128
2011-01-27 10:50:00,1332.3,1332.4,1332.0,1332.2,102
2011-01-27 10:51:00,1332.1,1332.9,1332.0,1332.6,132
2011-01-27 10:52:00,1332.7,1332.7,1332.6,1332.7,33
2011-01-27 10:53:00,1332.6,1333.5,1332.5,1332.9,200
2011-01-27 10:54:00,1332.9,1333.7,1332.9,1333.4,268
2011-01-27 10:55:00,1333.4,1333.7,1333.0,1333.0,149
2011-01-27 10:56:00,1333.0,1333.4,1332.7,1333.4,92
2011-01-27 10:57:00,1333.4,1333.6,1333.1,1333.1,72
2011-01-27 10:58:00,1333.1,1333.5,1332.8,1333.4,76
2011-01-27 10:59:00,1333.4,1333.5,1333.2,1333.2,25
2011-01-27 11:00:00,1333.2,1333.3,1332.9,1333.0,92
2011-01-27 11:01:00,1332.9,1333.4,1332.4,1332.5,141
2011-01-27 11:02:00,1332.5,1332.6,1332.0,1332.6,167
2011-01-27 11:03:00,1332.6,1332.6,1331.9,1331.9,200
2011-01-27 11:04:00,1332.0,1332.1,1331.2,1331.3,305
2011-01-27 11:05:00,1331.3,1331.5,1331.0,1331.4,191
2011-01-27 11:06:00,1331.4,1331.6,1331.2,1331.5,52
2011-01-27 11:07:00,1331.6,1331.6,1331.0,1331.1,150
2011-01-27 11:08:00,1331.0,1331.0,1328.7,1329.5,1542
2011-01-27 11:09:00,1329.4,1330.0,1329.2,1329.2,331
2011-01-27 11:10:00,1329.1,1329.2,1326.5,1326.8,1124
2011-01-27 11:11:00,1326.8,1328.6,1326.6,1328.4,724
2011-01-27 11:12:00,1328.3,1328.6,1327.8,1328.4,215
2011-01-27 11:13:00,1328.6,1328.7,1328.2,1328.5,268
2011-01-27 11:14:00,1328.7,1328.7,1327.9,1328.1,214
2011-01-27 11:15:00,1328.0,1328.0,1326.7,1326.9,480
2011-01-27 11:16:00,1327.0,1327.2,1326.5,1326.5,401
2011-01-27 11:17:00,1326.5,1326.7,1320.5,1322.4,3023
2011-01-27 11:18:00,1322.4,1323.5,1322.2,1323.5,1105
2011-01-27 11:19:00,1323.4,1324.0,1323.3,1323.8,398
2011-01-27 11:20:00,1323.7,1324.0,1322.6,1322.7,547
2011-01-27 11:21:00,1322.8,1324.3,1322.6,1324.1,636
2011-01-27 11:22:00,1324.0,1324.1,1323.2,1324.0,254
2011-01-27 11:23:00,1323.8,1324.0,1322.6,1322.7,391
2011-01-27 11:24:00,1322.7,1322.7,1322.2,1322.4,373
2011-01-27 11:25:00,1322.3,1322.4,1318.6,1320.0,2455
2011-01-27 11:26:00,1319.9,1321.8,1319.5,1320.4,1102
2011-01-27 11:27:00,1320.5,1321.3,1320.0,1320.4,811
2011-01-27 11:28:00,1320.4,1320.9,1320.0,1320.8,176
2011-01-27 11:29:00,1320.7,1320.8,1320.0,1320.1,298
2011-01-27 11:30:00,1320.0,1320.8,1319.6,1320.2,705
2011-01-27 11:31:00,1320.2,1320.2,1315.7,1316.4,2829
2011-01-27 11:32:00,1316.5,1319.0,1316.2,1318.3,1365
2011-01-27 11:33:00,1318.4,1319.7,1318.3,1318.5,762
2011-01-27 11:34:00,1318.5,1318.9,1318.2,1318.8,330
2011-01-27 11:35:00,1318.8,1319.8,1317.6,1317.9,647
2011-01-27 11:36:00,1317.9,1318.8,1317.9,1318.2,181
2011-01-27 11:37:00,1318.4,1318.9,1317.6,1318.9,299
2011-01-27 11:38:00,1318.9,1319.5,1318.7,1319.1,162
2011-01-27 11:39:00,1319.2,1320.2,1319.2,1320.0,241
2011-01-27 11:40:00,1319.9,1320.5,1319.6,1319.8,419
2011-01-27 11:41:00,1319.6,1319.7,1318.7,1319.7,289
2011-01-27 11:42:00,1319.8,1320.0,1319.5,1319.6,130
2011-01-27 11:43:00,1319.6,1320.4,1319.6,1320.4,271
2011-01-27 11:44:00,1320.3,1320.4,1320.0,1320.2,104
2011-01-27 11:45:00,1320.2,1321.5,1320.2,1321.5,280
2011-01-27 11:46:00,1321.5,1322.0,1321.2,1321.4,212
2011-01-27 11:47:00,1321.3,1321.5,1320.5,1321.4,393
2011-01-27 11:48:00,1321.3,1321.3,1320.7,1320.9,155
2011-01-27 11:49:00,1320.9,1321.0,1320.1,1320.6,148
2011-01-27 11:50:00,1320.6,1320.8,1320.4,1320.6,121
2011-01-27 11:51:00,1320.6,1320.6,1320.0,1320.3,61
2011-01-27 11:52:00,1320.3,1320.4,1319.5,1319.6,139
2011-01-27 11:53:00,1319.6,1319.7,1318.6,1318.9,375
2011-01-27 11:54:00,1318.9,1319.7,1318.6,1319.6,201
2011-01-27 11:55:00,1319.6,1319.7,1319.2,1319.2,100
2011-01-27 11:56:00,1319.1,1319.2,1318.4,1318.4,145
2011-01-27 11:57:00,1318.5,1318.6,1318.1,1318.2,154
2011-01-27 11:58:00,1318.3,1318.6,1317.6,1317.9,221
2011-01-27 11:59:00,1318.0,1318.1,1317.7,1317.8,156
2011-01-27 12:00:00,1317.8,1318.1,1317.6,1317.9,183
2011-01-27 12:01:00,1318.0,1318.8,1317.7,1318.5,157
2011-01-27 12:02:00,1318.6,1318.6,1318.3,1318.5,51
2011-01-27 12:03:00,1318.6,1319.3,1318.3,1318.8,207
2011-01-27 12:04:00,1318.9,1319.0,1318.4,1318.8,83
2011-01-27 12:05:00,1318.7,1319.2,1318.6,1319.1,51
2011-01-27 12:06:00,1319.2,1320.5,1319.1,1320.2,279
2011-01-27 12:07:00,1320.4,1321.0,1320.3,1320.9,164
2011-01-27 12:08:00,1320.9,1321.5,1320.9,1321.3,243
2011-01-27 12:09:00,1321.4,1321.4,1320.0,1320.0,129
2011-01-27 12:10:00,1320.0,1320.2,1319.6,1319.8,57
2011-01-27 12:11:00,1319.8,1320.6,1319.8,1320.4,155
2011-01-27 12:12:00,1320.5,1320.8,1320.1,1320.2,96
2011-01-27 12:13:00,1320.4,1320.5,1320.2,1320.2,66
2011-01-27 12:14:00,1320.2,1320.4,1320.0,1320.2,34
2011-01-27 12:15:00,1320.2,1320.8,1320.1,1320.7,125
2011-01-27 12:16:00,1320.7,1321.1,1320.1,1320.1,98
2011-01-27 12:17:00,1320.1,1320.7,1320.1,1320.6,104
2011-01-27 12:18:00,1320.5,1320.7,1320.2,1320.4,50
2011-01-27 12:19:00,1320.4,1320.9,1320.3,1320.5,96
2011-01-27 12:20:00,1320.4,1320.5,1319.9,1320.2,133
2011-01-27 12:21:00,1320.2,1320.2,1319.9,1320.0,34
2011-01-27 12:22:00,1320.2,1320.4,1320.0,1320.3,53
2011-01-27 12:23:00,1320.4,1320.7,1320.3,1320.7,49
2011-01-27 12:24:00,1320.7,1320.7,1320.3,1320.4,71
2011-01-27 12:25:00,1320.3,1320.6,1320.0,1320.2,81
2011-01-27 12:26:00,1320.2,1320.8,1320.1,1320.6,139
2011-01-27 12:27:00,1320.6,1320.7,1320.5,1320.6,43
2011-01-27 12:28:00,1320.6,1321.1,1320.5,1321.1,115
2011-01-27 12:29:00,1321.1,1321.4,1320.9,1321.1,123
2011-01-27 12:30:00,1321.1,1321.2,1320.6,1320.6,113
2011-01-27 12:31:00,1320.6,1320.9,1320.1,1320.1,64
2011-01-27 12:32:00,1320.3,1320.6,1320.3,1320.5,75
2011-01-27 12:33:00,1320.5,1320.6,1320.3,1320.5,15
2011-01-27 12:34:00,1320.4,1320.4,1320.1,1320.1,27
2011-01-27 12:35:00,1320.2,1320.2,1319.8,1320.1,81
2011-01-27 12:36:00,1320.0,1320.0,1319.5,1319.6,87
2011-01-27 12:37:00,1319.7,1319.9,1319.7,1319.8,26
2011-01-27 12:38:00,1319.8,1319.9,1319.6,1319.6,32
2011-01-27 12:39:00,1319.6,1319.8,1319.6,1319.6,44
2011-01-27 12:40:00,1319.6,1319.9,1319.2,1319.5,102
2011-01-27 12:41:00,1319.5,1319.9,1319.2,1319.3,99
2011-01-27 12:42:00,1319.2,1319.6,1319.2,1319.5,40
2011-01-27 12:43:00,1319.6,1319.7,1319.4,1319.4,49
2011-01-27 12:44:00,1319.3,1319.5,1319.3,1319.5,36
2011-01-27 12:45:00,1319.5,1319.8,1319.3,1319.5,55
2011-01-27 12:46:00,1319.8,1319.9,1319.5,1319.9,71
2011-01-27 12:47:00,1319.9,1320.5,1319.9,1320.2,99
2011-01-27 12:48:00,1320.2,1321.0,1320.1,1321.0,263
2011-01-27 12:49:00,1320.9,1322.2,1320.8,1322.1,432
2011-01-27 12:50:00,1322.2,1322.4,1321.3,1321.3,285
2011-01-27 12:51:00,1321.6,1321.8,1321.5,1321.7,87
2011-01-27 12:52:00,1321.6,1321.6,1321.2,1321.6,90
2011-01-27 12:53:00,1321.6,1322.1,1321.3,1322.0,92
2011-01-27 12:54:00,1322.2,1322.6,1322.0,1322.4,227
2011-01-27 12:55:00,1322.3,1322.3,1321.7,1321.9,103
2011-01-27 12:56:00,1321.8,1322.3,1321.6,1321.8,127
2011-01-27 12:57:00,1321.8,1321.9,1321.6,1321.9,41
2011-01-27 12:58:00,1321.8,1321.9,1321.3,1321.3,79
2011-01-27 12:59:00,1321.3,1321.5,1321.2,1321.3,72
2011-01-27 13:00:00,1321.3,1321.5,1321.3,1321.5,100
2011-01-27 13:01:00,1321.5,1321.6,1321.0,1321.0,130
